"","name","round","apparatus","predicted_score"
"1","CIENA ALIPIO","AAfinal","BB",0.766913136159716
"2","CIENA ALIPIO","AAfinal","VT",0.836220345528027
"3","CIENA ALIPIO","AAfinal","FX",0.797270021649169
"4","CIENA ALIPIO","AAfinal","UB",0.785567201290287
"5","CIENA ALIPIO","qual","BB",0.769487450257276
"6","CIENA ALIPIO","qual","VT",0.838794659625587
"7","CIENA ALIPIO","qual","FX",0.799844335746729
"8","CIENA ALIPIO","qual","UB",0.788141515387848
"9","CIENA ALIPIO","final","BB",0.775830248729234
"10","CIENA ALIPIO","final","VT",0.845137458097545
"11","CIENA ALIPIO","final","FX",0.806187134218687
"12","CIENA ALIPIO","final","UB",0.794484313859806
"13","CIENA ALIPIO","AAqual","BB",NA
"14","CIENA ALIPIO","AAqual","VT",NA
"15","CIENA ALIPIO","AAqual","FX",NA
"16","CIENA ALIPIO","AAqual","UB",NA
"17","CIENA ALIPIO","TeamFinal","BB",NA
"18","CIENA ALIPIO","TeamFinal","VT",NA
"19","CIENA ALIPIO","TeamFinal","FX",NA
"20","CIENA ALIPIO","TeamFinal","UB",NA
"21","LEIGH ANNE ELLIOTT","AAfinal","BB",0.6430301014676
"22","LEIGH ANNE ELLIOTT","AAfinal","VT",0.758270186072314
"23","LEIGH ANNE ELLIOTT","AAfinal","FX",0.68013324372217
"24","LEIGH ANNE ELLIOTT","AAfinal","UB",0.672939422535092
"25","LEIGH ANNE ELLIOTT","qual","BB",NA
"26","LEIGH ANNE ELLIOTT","qual","VT",NA
"27","LEIGH ANNE ELLIOTT","qual","FX",NA
"28","LEIGH ANNE ELLIOTT","qual","UB",NA
"29","LEIGH ANNE ELLIOTT","final","BB",NA
"30","LEIGH ANNE ELLIOTT","final","VT",NA
"31","LEIGH ANNE ELLIOTT","final","FX",NA
"32","LEIGH ANNE ELLIOTT","final","UB",NA
"33","LEIGH ANNE ELLIOTT","AAqual","BB",NA
"34","LEIGH ANNE ELLIOTT","AAqual","VT",NA
"35","LEIGH ANNE ELLIOTT","AAqual","FX",NA
"36","LEIGH ANNE ELLIOTT","AAqual","UB",NA
"37","LEIGH ANNE ELLIOTT","TeamFinal","BB",NA
"38","LEIGH ANNE ELLIOTT","TeamFinal","VT",NA
"39","LEIGH ANNE ELLIOTT","TeamFinal","FX",NA
"40","LEIGH ANNE ELLIOTT","TeamFinal","UB",NA
"41","SYDNEY BARROS","AAfinal","BB",0.811177293044001
"42","SYDNEY BARROS","AAfinal","VT",0.886569608233171
"43","SYDNEY BARROS","AAfinal","FX",0.828013880716515
"44","SYDNEY BARROS","AAfinal","UB",0.820424807747877
"45","SYDNEY BARROS","qual","BB",NA
"46","SYDNEY BARROS","qual","VT",NA
"47","SYDNEY BARROS","qual","FX",0.830588194814075
"48","SYDNEY BARROS","qual","UB",NA
"49","SYDNEY BARROS","final","BB",NA
"50","SYDNEY BARROS","final","VT",NA
"51","SYDNEY BARROS","final","FX",NA
"52","SYDNEY BARROS","final","UB",NA
"53","SYDNEY BARROS","AAqual","BB",NA
"54","SYDNEY BARROS","AAqual","VT",NA
"55","SYDNEY BARROS","AAqual","FX",NA
"56","SYDNEY BARROS","AAqual","UB",NA
"57","SYDNEY BARROS","TeamFinal","BB",NA
"58","SYDNEY BARROS","TeamFinal","VT",NA
"59","SYDNEY BARROS","TeamFinal","FX",NA
"60","SYDNEY BARROS","TeamFinal","UB",NA
"61","SIMONE BILES","AAfinal","BB",0.893717057766034
"62","SIMONE BILES","AAfinal","VT",0.962794418765134
"63","SIMONE BILES","AAfinal","FX",0.913201952453334
"64","SIMONE BILES","AAfinal","UB",0.899677900447263
"65","SIMONE BILES","qual","BB",0.896291371863594
"66","SIMONE BILES","qual","VT",0.965368732862694
"67","SIMONE BILES","qual","FX",0.915776266550894
"68","SIMONE BILES","qual","UB",0.902252214544823
"69","SIMONE BILES","final","BB",0.902634170335552
"70","SIMONE BILES","final","VT",0.971711531334652
"71","SIMONE BILES","final","FX",0.922119065022852
"72","SIMONE BILES","final","UB",0.908595013016781
"73","SIMONE BILES","AAqual","BB",NA
"74","SIMONE BILES","AAqual","VT",NA
"75","SIMONE BILES","AAqual","FX",NA
"76","SIMONE BILES","AAqual","UB",NA
"77","SIMONE BILES","TeamFinal","BB",0.89500866446515
"78","SIMONE BILES","TeamFinal","VT",0.96408602546425
"79","SIMONE BILES","TeamFinal","FX",0.91449355915245
"80","SIMONE BILES","TeamFinal","UB",0.900969507146379
"81","SKYE BLAKELY","AAfinal","BB",0.84093411521779
"82","SKYE BLAKELY","AAfinal","VT",0.906393128858053
"83","SKYE BLAKELY","AAfinal","FX",0.867438328647506
"84","SKYE BLAKELY","AAfinal","UB",0.854730524159618
"85","SKYE BLAKELY","qual","BB",0.843508429315351
"86","SKYE BLAKELY","qual","VT",0.908967442955613
"87","SKYE BLAKELY","qual","FX",0.870012642745066
"88","SKYE BLAKELY","qual","UB",0.857304838257178
"89","SKYE BLAKELY","final","BB",0.849851227787309
"90","SKYE BLAKELY","final","VT",0.915310241427571
"91","SKYE BLAKELY","final","FX",0.876355441217024
"92","SKYE BLAKELY","final","UB",0.863647636729136
"93","SKYE BLAKELY","AAqual","BB",NA
"94","SKYE BLAKELY","AAqual","VT",NA
"95","SKYE BLAKELY","AAqual","FX",NA
"96","SKYE BLAKELY","AAqual","UB",NA
"97","SKYE BLAKELY","TeamFinal","BB",0.842225721916907
"98","SKYE BLAKELY","TeamFinal","VT",NA
"99","SKYE BLAKELY","TeamFinal","FX",NA
"100","SKYE BLAKELY","TeamFinal","UB",0.856022130858734
"101","CHARLOTTE BOOTH","AAfinal","BB",0.779809219213079
"102","CHARLOTTE BOOTH","AAfinal","VT",0.846886618555956
"103","CHARLOTTE BOOTH","AAfinal","FX",0.807445688723965
"104","CHARLOTTE BOOTH","AAfinal","UB",0.794960107163703
"105","CHARLOTTE BOOTH","qual","BB",0.782383533310639
"106","CHARLOTTE BOOTH","qual","VT",0.849460932653516
"107","CHARLOTTE BOOTH","qual","FX",0.810020002821525
"108","CHARLOTTE BOOTH","qual","UB",0.797534421261263
"109","CHARLOTTE BOOTH","final","BB",0.788726331782597
"110","CHARLOTTE BOOTH","final","VT",0.855803731125474
"111","CHARLOTTE BOOTH","final","FX",0.816362801293483
"112","CHARLOTTE BOOTH","final","UB",0.803877219733221
"113","CHARLOTTE BOOTH","AAqual","BB",NA
"114","CHARLOTTE BOOTH","AAqual","VT",NA
"115","CHARLOTTE BOOTH","AAqual","FX",NA
"116","CHARLOTTE BOOTH","AAqual","UB",NA
"117","CHARLOTTE BOOTH","TeamFinal","BB",NA
"118","CHARLOTTE BOOTH","TeamFinal","VT",NA
"119","CHARLOTTE BOOTH","TeamFinal","FX",NA
"120","CHARLOTTE BOOTH","TeamFinal","UB",NA
"121","JADE CAREY","AAfinal","BB",0.834740827186244
"122","JADE CAREY","AAfinal","VT",0.900550885866093
"123","JADE CAREY","AAfinal","FX",0.861351467005851
"124","JADE CAREY","AAfinal","UB",0.849245318124245
"125","JADE CAREY","qual","BB",0.837315141283805
"126","JADE CAREY","qual","VT",0.903125199963653
"127","JADE CAREY","qual","FX",0.863925781103411
"128","JADE CAREY","qual","UB",0.851819632221805
"129","JADE CAREY","final","BB",0.843657939755763
"130","JADE CAREY","final","VT",0.909467998435611
"131","JADE CAREY","final","FX",0.870268579575369
"132","JADE CAREY","final","UB",0.858162430693763
"133","JADE CAREY","AAqual","BB",NA
"134","JADE CAREY","AAqual","VT",NA
"135","JADE CAREY","AAqual","FX",NA
"136","JADE CAREY","AAqual","UB",NA
"137","JADE CAREY","TeamFinal","BB",0.836032433885361
"138","JADE CAREY","TeamFinal","VT",0.901842492565209
"139","JADE CAREY","TeamFinal","FX",0.862643073704967
"140","JADE CAREY","TeamFinal","UB",NA
"141","DULCY CAYLOR","AAfinal","BB",0.787612855372705
"142","DULCY CAYLOR","AAfinal","VT",0.854557456875469
"143","DULCY CAYLOR","AAfinal","FX",0.813651871314781
"144","DULCY CAYLOR","AAfinal","UB",0.804474597294931
"145","DULCY CAYLOR","qual","BB",0.790187169470265
"146","DULCY CAYLOR","qual","VT",0.85713177097303
"147","DULCY CAYLOR","qual","FX",0.816226185412341
"148","DULCY CAYLOR","qual","UB",0.807048911392492
"149","DULCY CAYLOR","final","BB",0.796529967942223
"150","DULCY CAYLOR","final","VT",0.863474569444988
"151","DULCY CAYLOR","final","FX",0.822568983884299
"152","DULCY CAYLOR","final","UB",0.81339170986445
"153","DULCY CAYLOR","AAqual","BB",NA
"154","DULCY CAYLOR","AAqual","VT",NA
"155","DULCY CAYLOR","AAqual","FX",NA
"156","DULCY CAYLOR","AAqual","UB",NA
"157","DULCY CAYLOR","TeamFinal","BB",NA
"158","DULCY CAYLOR","TeamFinal","VT",NA
"159","DULCY CAYLOR","TeamFinal","FX",NA
"160","DULCY CAYLOR","TeamFinal","UB",NA
"161","JORDAN CHILES","AAfinal","BB",0.832440825585903
"162","JORDAN CHILES","AAfinal","VT",0.898920620231544
"163","JORDAN CHILES","AAfinal","FX",0.859316909249161
"164","JORDAN CHILES","AAfinal","UB",0.847280179765037
"165","JORDAN CHILES","qual","BB",0.835015139683463
"166","JORDAN CHILES","qual","VT",0.901494934329105
"167","JORDAN CHILES","qual","FX",0.861891223346722
"168","JORDAN CHILES","qual","UB",0.849854493862598
"169","JORDAN CHILES","final","BB",0.841357938155421
"170","JORDAN CHILES","final","VT",0.907837732801063
"171","JORDAN CHILES","final","FX",0.86823402181868
"172","JORDAN CHILES","final","UB",0.856197292334556
"173","JORDAN CHILES","AAqual","BB",NA
"174","JORDAN CHILES","AAqual","VT",NA
"175","JORDAN CHILES","AAqual","FX",NA
"176","JORDAN CHILES","AAqual","UB",NA
"177","JORDAN CHILES","TeamFinal","BB",0.833732432285019
"178","JORDAN CHILES","TeamFinal","VT",0.900212226930661
"179","JORDAN CHILES","TeamFinal","FX",0.860608515948278
"180","JORDAN CHILES","TeamFinal","UB",0.848571786464154
"181","CHLOE CHO","AAfinal","BB",0.694215551927518
"182","CHLOE CHO","AAfinal","VT",0.806738960568774
"183","CHLOE CHO","AAfinal","FX",0.73320188367749
"184","CHLOE CHO","AAfinal","UB",0.720986755272367
"185","CHLOE CHO","qual","BB",NA
"186","CHLOE CHO","qual","VT",NA
"187","CHLOE CHO","qual","FX",NA
"188","CHLOE CHO","qual","UB",NA
"189","CHLOE CHO","final","BB",NA
"190","CHLOE CHO","final","VT",NA
"191","CHLOE CHO","final","FX",NA
"192","CHLOE CHO","final","UB",NA
"193","CHLOE CHO","AAqual","BB",NA
"194","CHLOE CHO","AAqual","VT",NA
"195","CHLOE CHO","AAqual","FX",NA
"196","CHLOE CHO","AAqual","UB",NA
"197","CHLOE CHO","TeamFinal","BB",NA
"198","CHLOE CHO","TeamFinal","VT",NA
"199","CHLOE CHO","TeamFinal","FX",NA
"200","CHLOE CHO","TeamFinal","UB",NA
"201","NORAH CHRISTIAN","AAfinal","BB",0.697931799249636
"202","NORAH CHRISTIAN","AAfinal","VT",0.805064142690386
"203","NORAH CHRISTIAN","AAfinal","FX",0.732078556355676
"204","NORAH CHRISTIAN","AAfinal","UB",0.720068653150449
"205","NORAH CHRISTIAN","qual","BB",NA
"206","NORAH CHRISTIAN","qual","VT",NA
"207","NORAH CHRISTIAN","qual","FX",NA
"208","NORAH CHRISTIAN","qual","UB",NA
"209","NORAH CHRISTIAN","final","BB",NA
"210","NORAH CHRISTIAN","final","VT",NA
"211","NORAH CHRISTIAN","final","FX",NA
"212","NORAH CHRISTIAN","final","UB",NA
"213","NORAH CHRISTIAN","AAqual","BB",NA
"214","NORAH CHRISTIAN","AAqual","VT",NA
"215","NORAH CHRISTIAN","AAqual","FX",NA
"216","NORAH CHRISTIAN","AAqual","UB",NA
"217","NORAH CHRISTIAN","TeamFinal","BB",NA
"218","NORAH CHRISTIAN","TeamFinal","VT",NA
"219","NORAH CHRISTIAN","TeamFinal","FX",NA
"220","NORAH CHRISTIAN","TeamFinal","UB",NA
"221","ADRIANA CONSOLI","AAfinal","BB",NA
"222","ADRIANA CONSOLI","AAfinal","VT",0.798856023153261
"223","ADRIANA CONSOLI","AAfinal","FX",NA
"224","ADRIANA CONSOLI","AAfinal","UB",0.715001102927725
"225","ADRIANA CONSOLI","qual","BB",NA
"226","ADRIANA CONSOLI","qual","VT",NA
"227","ADRIANA CONSOLI","qual","FX",NA
"228","ADRIANA CONSOLI","qual","UB",NA
"229","ADRIANA CONSOLI","final","BB",NA
"230","ADRIANA CONSOLI","final","VT",NA
"231","ADRIANA CONSOLI","final","FX",NA
"232","ADRIANA CONSOLI","final","UB",NA
"233","ADRIANA CONSOLI","AAqual","BB",NA
"234","ADRIANA CONSOLI","AAqual","VT",NA
"235","ADRIANA CONSOLI","AAqual","FX",NA
"236","ADRIANA CONSOLI","AAqual","UB",NA
"237","ADRIANA CONSOLI","TeamFinal","BB",NA
"238","ADRIANA CONSOLI","TeamFinal","VT",NA
"239","ADRIANA CONSOLI","TeamFinal","FX",NA
"240","ADRIANA CONSOLI","TeamFinal","UB",NA
"241","KAYLA DICELLO","AAfinal","BB",0.824822770459107
"242","KAYLA DICELLO","AAfinal","VT",0.890944647416171
"243","KAYLA DICELLO","AAfinal","FX",0.851237091843292
"244","KAYLA DICELLO","AAfinal","UB",0.839673201394561
"245","KAYLA DICELLO","qual","BB",0.827397084556667
"246","KAYLA DICELLO","qual","VT",0.893518961513731
"247","KAYLA DICELLO","qual","FX",0.853811405940852
"248","KAYLA DICELLO","qual","UB",0.842247515492122
"249","KAYLA DICELLO","final","BB",0.833739883028625
"250","KAYLA DICELLO","final","VT",0.899861759985689
"251","KAYLA DICELLO","final","FX",0.86015420441281
"252","KAYLA DICELLO","final","UB",0.848590313964079
"253","KAYLA DICELLO","AAqual","BB",NA
"254","KAYLA DICELLO","AAqual","VT",NA
"255","KAYLA DICELLO","AAqual","FX",NA
"256","KAYLA DICELLO","AAqual","UB",NA
"257","KAYLA DICELLO","TeamFinal","BB",NA
"258","KAYLA DICELLO","TeamFinal","VT",NA
"259","KAYLA DICELLO","TeamFinal","FX",NA
"260","KAYLA DICELLO","TeamFinal","UB",NA
"261","AMELIA DISIDORE","AAfinal","BB",0.783607453370869
"262","AMELIA DISIDORE","AAfinal","VT",0.850306751897067
"263","AMELIA DISIDORE","AAfinal","FX",0.810406699644823
"264","AMELIA DISIDORE","AAfinal","UB",0.797921118084561
"265","AMELIA DISIDORE","qual","BB",0.78618176746843
"266","AMELIA DISIDORE","qual","VT",0.852881065994628
"267","AMELIA DISIDORE","qual","FX",0.812981013742384
"268","AMELIA DISIDORE","qual","UB",0.800495432182122
"269","AMELIA DISIDORE","final","BB",0.792524565940388
"270","AMELIA DISIDORE","final","VT",0.859223864466586
"271","AMELIA DISIDORE","final","FX",0.819323812214341
"272","AMELIA DISIDORE","final","UB",0.80683823065408
"273","AMELIA DISIDORE","AAqual","BB",NA
"274","AMELIA DISIDORE","AAqual","VT",NA
"275","AMELIA DISIDORE","AAqual","FX",NA
"276","AMELIA DISIDORE","AAqual","UB",NA
"277","AMELIA DISIDORE","TeamFinal","BB",NA
"278","AMELIA DISIDORE","TeamFinal","VT",NA
"279","AMELIA DISIDORE","TeamFinal","FX",NA
"280","AMELIA DISIDORE","TeamFinal","UB",NA
"281","GABBY DISIDORE","AAfinal","BB",NA
"282","GABBY DISIDORE","AAfinal","VT",NA
"283","GABBY DISIDORE","AAfinal","FX",NA
"284","GABBY DISIDORE","AAfinal","UB",0.611430566573142
"285","GABBY DISIDORE","qual","BB",NA
"286","GABBY DISIDORE","qual","VT",NA
"287","GABBY DISIDORE","qual","FX",NA
"288","GABBY DISIDORE","qual","UB",NA
"289","GABBY DISIDORE","final","BB",NA
"290","GABBY DISIDORE","final","VT",NA
"291","GABBY DISIDORE","final","FX",NA
"292","GABBY DISIDORE","final","UB",NA
"293","GABBY DISIDORE","AAqual","BB",NA
"294","GABBY DISIDORE","AAqual","VT",NA
"295","GABBY DISIDORE","AAqual","FX",NA
"296","GABBY DISIDORE","AAqual","UB",NA
"297","GABBY DISIDORE","TeamFinal","BB",NA
"298","GABBY DISIDORE","TeamFinal","VT",NA
"299","GABBY DISIDORE","TeamFinal","FX",NA
"300","GABBY DISIDORE","TeamFinal","UB",NA
"301","SKYLAR DRASER","AAfinal","BB",0.75666991968626
"302","SKYLAR DRASER","AAfinal","VT",0.849772354615672
"303","SKYLAR DRASER","AAfinal","FX",0.779014628823962
"304","SKYLAR DRASER","AAfinal","UB",0.779200024195318
"305","SKYLAR DRASER","qual","BB",NA
"306","SKYLAR DRASER","qual","VT",NA
"307","SKYLAR DRASER","qual","FX",NA
"308","SKYLAR DRASER","qual","UB",NA
"309","SKYLAR DRASER","final","BB",NA
"310","SKYLAR DRASER","final","VT",NA
"311","SKYLAR DRASER","final","FX",NA
"312","SKYLAR DRASER","final","UB",NA
"313","SKYLAR DRASER","AAqual","BB",NA
"314","SKYLAR DRASER","AAqual","VT",NA
"315","SKYLAR DRASER","AAqual","FX",NA
"316","SKYLAR DRASER","AAqual","UB",NA
"317","SKYLAR DRASER","TeamFinal","BB",NA
"318","SKYLAR DRASER","TeamFinal","VT",NA
"319","SKYLAR DRASER","TeamFinal","FX",NA
"320","SKYLAR DRASER","TeamFinal","UB",NA
"321","AMARI DRAYTON","AAfinal","BB",0.708208583094011
"322","AMARI DRAYTON","AAfinal","VT",0.817545294451979
"323","AMARI DRAYTON","AAfinal","FX",0.743835882036894
"324","AMARI DRAYTON","AAfinal","UB",0.736642060849816
"325","AMARI DRAYTON","qual","BB",NA
"326","AMARI DRAYTON","qual","VT",NA
"327","AMARI DRAYTON","qual","FX",NA
"328","AMARI DRAYTON","qual","UB",NA
"329","AMARI DRAYTON","final","BB",NA
"330","AMARI DRAYTON","final","VT",NA
"331","AMARI DRAYTON","final","FX",NA
"332","AMARI DRAYTON","final","UB",NA
"333","AMARI DRAYTON","AAqual","BB",NA
"334","AMARI DRAYTON","AAqual","VT",NA
"335","AMARI DRAYTON","AAqual","FX",NA
"336","AMARI DRAYTON","AAqual","UB",NA
"337","AMARI DRAYTON","TeamFinal","BB",NA
"338","AMARI DRAYTON","TeamFinal","VT",NA
"339","AMARI DRAYTON","TeamFinal","FX",NA
"340","AMARI DRAYTON","TeamFinal","UB",NA
"341","JORDIS EICHMAN","AAfinal","BB",0.811303976400405
"342","JORDIS EICHMAN","AAfinal","VT",0.885220448277889
"343","JORDIS EICHMAN","AAfinal","FX",0.824793625667986
"344","JORDIS EICHMAN","AAfinal","UB",0.816123961169221
"345","JORDIS EICHMAN","qual","BB",NA
"346","JORDIS EICHMAN","qual","VT",NA
"347","JORDIS EICHMAN","qual","FX",NA
"348","JORDIS EICHMAN","qual","UB",NA
"349","JORDIS EICHMAN","final","BB",NA
"350","JORDIS EICHMAN","final","VT",NA
"351","JORDIS EICHMAN","final","FX",NA
"352","JORDIS EICHMAN","final","UB",NA
"353","JORDIS EICHMAN","AAqual","BB",NA
"354","JORDIS EICHMAN","AAqual","VT",NA
"355","JORDIS EICHMAN","AAqual","FX",NA
"356","JORDIS EICHMAN","AAqual","UB",NA
"357","JORDIS EICHMAN","TeamFinal","BB",NA
"358","JORDIS EICHMAN","TeamFinal","VT",NA
"359","JORDIS EICHMAN","TeamFinal","FX",NA
"360","JORDIS EICHMAN","TeamFinal","UB",NA
"361","ADDISON FATTA","AAfinal","BB",0.793737048065925
"362","ADDISON FATTA","AAfinal","VT",0.859518101751617
"363","ADDISON FATTA","AAfinal","FX",0.819077905475546
"364","ADDISON FATTA","AAfinal","UB",0.808185748785574
"365","ADDISON FATTA","qual","BB",0.796311362163485
"366","ADDISON FATTA","qual","VT",0.862092415849177
"367","ADDISON FATTA","qual","FX",0.821652219573106
"368","ADDISON FATTA","qual","UB",0.810760062883134
"369","ADDISON FATTA","final","BB",0.802654160635443
"370","ADDISON FATTA","final","VT",0.868435214321135
"371","ADDISON FATTA","final","FX",0.827995018045064
"372","ADDISON FATTA","final","UB",0.817102861355092
"373","ADDISON FATTA","AAqual","BB",NA
"374","ADDISON FATTA","AAqual","VT",NA
"375","ADDISON FATTA","AAqual","FX",NA
"376","ADDISON FATTA","AAqual","UB",NA
"377","ADDISON FATTA","TeamFinal","BB",NA
"378","ADDISON FATTA","TeamFinal","VT",0.860809708450733
"379","ADDISON FATTA","TeamFinal","FX",NA
"380","ADDISON FATTA","TeamFinal","UB",0.80947735548469
"381","EMJAE FRAZIER","AAfinal","BB",0.835724607899396
"382","EMJAE FRAZIER","AAfinal","VT",0.905213549841819
"383","EMJAE FRAZIER","AAfinal","FX",0.863972690283845
"384","EMJAE FRAZIER","AAfinal","UB",0.82726200286303
"385","EMJAE FRAZIER","qual","BB",NA
"386","EMJAE FRAZIER","qual","VT",NA
"387","EMJAE FRAZIER","qual","FX",NA
"388","EMJAE FRAZIER","qual","UB",NA
"389","EMJAE FRAZIER","final","BB",NA
"390","EMJAE FRAZIER","final","VT",NA
"391","EMJAE FRAZIER","final","FX",NA
"392","EMJAE FRAZIER","final","UB",NA
"393","EMJAE FRAZIER","AAqual","BB",NA
"394","EMJAE FRAZIER","AAqual","VT",NA
"395","EMJAE FRAZIER","AAqual","FX",NA
"396","EMJAE FRAZIER","AAqual","UB",NA
"397","EMJAE FRAZIER","TeamFinal","BB",NA
"398","EMJAE FRAZIER","TeamFinal","VT",NA
"399","EMJAE FRAZIER","TeamFinal","FX",NA
"400","EMJAE FRAZIER","TeamFinal","UB",NA
"401","KARIS GERMAN","AAfinal","BB",0.805295055355257
"402","KARIS GERMAN","AAfinal","VT",0.889542430414549
"403","KARIS GERMAN","AAfinal","FX",0.845349884233201
"404","KARIS GERMAN","AAfinal","UB",0.821921786617568
"405","KARIS GERMAN","qual","BB",NA
"406","KARIS GERMAN","qual","VT",NA
"407","KARIS GERMAN","qual","FX",NA
"408","KARIS GERMAN","qual","UB",NA
"409","KARIS GERMAN","final","BB",NA
"410","KARIS GERMAN","final","VT",NA
"411","KARIS GERMAN","final","FX",NA
"412","KARIS GERMAN","final","UB",NA
"413","KARIS GERMAN","AAqual","BB",NA
"414","KARIS GERMAN","AAqual","VT",NA
"415","KARIS GERMAN","AAqual","FX",NA
"416","KARIS GERMAN","AAqual","UB",NA
"417","KARIS GERMAN","TeamFinal","BB",NA
"418","KARIS GERMAN","TeamFinal","VT",NA
"419","KARIS GERMAN","TeamFinal","FX",NA
"420","KARIS GERMAN","TeamFinal","UB",NA
"421","OLIVIA GREAVES","AAfinal","BB",NA
"422","OLIVIA GREAVES","AAfinal","VT",NA
"423","OLIVIA GREAVES","AAfinal","FX",NA
"424","OLIVIA GREAVES","AAfinal","UB",NA
"425","OLIVIA GREAVES","qual","BB",NA
"426","OLIVIA GREAVES","qual","VT",NA
"427","OLIVIA GREAVES","qual","FX",NA
"428","OLIVIA GREAVES","qual","UB",0.854062739580778
"429","OLIVIA GREAVES","final","BB",NA
"430","OLIVIA GREAVES","final","VT",NA
"431","OLIVIA GREAVES","final","FX",NA
"432","OLIVIA GREAVES","final","UB",0.860405538052736
"433","OLIVIA GREAVES","AAqual","BB",NA
"434","OLIVIA GREAVES","AAqual","VT",NA
"435","OLIVIA GREAVES","AAqual","FX",NA
"436","OLIVIA GREAVES","AAqual","UB",NA
"437","OLIVIA GREAVES","TeamFinal","BB",NA
"438","OLIVIA GREAVES","TeamFinal","VT",NA
"439","OLIVIA GREAVES","TeamFinal","FX",NA
"440","OLIVIA GREAVES","TeamFinal","UB",NA
"441","MADRAY JOHNSON","AAfinal","BB",0.784217543362832
"442","MADRAY JOHNSON","AAfinal","VT",0.851610703856681
"443","MADRAY JOHNSON","AAfinal","FX",NA
"444","MADRAY JOHNSON","AAfinal","UB",NA
"445","MADRAY JOHNSON","qual","BB",0.786791857460392
"446","MADRAY JOHNSON","qual","VT",0.854185017954241
"447","MADRAY JOHNSON","qual","FX",0.814420001707954
"448","MADRAY JOHNSON","qual","UB",0.803920623661395
"449","MADRAY JOHNSON","final","BB",0.79313465593235
"450","MADRAY JOHNSON","final","VT",0.860527816426199
"451","MADRAY JOHNSON","final","FX",0.820762800179912
"452","MADRAY JOHNSON","final","UB",0.810263422133353
"453","MADRAY JOHNSON","AAqual","BB",NA
"454","MADRAY JOHNSON","AAqual","VT",NA
"455","MADRAY JOHNSON","AAqual","FX",NA
"456","MADRAY JOHNSON","AAqual","UB",NA
"457","MADRAY JOHNSON","TeamFinal","BB",0.785509150061948
"458","MADRAY JOHNSON","TeamFinal","VT",NA
"459","MADRAY JOHNSON","TeamFinal","FX",NA
"460","MADRAY JOHNSON","TeamFinal","UB",0.802637916262951
"461","SHILESE JONES","AAfinal","BB",0.852662558619216
"462","SHILESE JONES","AAfinal","VT",0.920742784043838
"463","SHILESE JONES","AAfinal","FX",0.880943233999306
"464","SHILESE JONES","AAfinal","UB",0.869172006192785
"465","SHILESE JONES","qual","BB",0.855236872716776
"466","SHILESE JONES","qual","VT",0.923317098141398
"467","SHILESE JONES","qual","FX",0.883517548096866
"468","SHILESE JONES","qual","UB",0.871746320290346
"469","SHILESE JONES","final","BB",0.861579671188734
"470","SHILESE JONES","final","VT",0.929659896613356
"471","SHILESE JONES","final","FX",0.889860346568824
"472","SHILESE JONES","final","UB",0.878089118762304
"473","SHILESE JONES","AAqual","BB",NA
"474","SHILESE JONES","AAqual","VT",NA
"475","SHILESE JONES","AAqual","FX",NA
"476","SHILESE JONES","AAqual","UB",NA
"477","SHILESE JONES","TeamFinal","BB",0.853954165318332
"478","SHILESE JONES","TeamFinal","VT",0.922034390742954
"479","SHILESE JONES","TeamFinal","FX",0.882234840698422
"480","SHILESE JONES","TeamFinal","UB",0.870463612891902
"481","KATELYN JONG","AAfinal","BB",0.80819816131059
"482","KATELYN JONG","AAfinal","VT",0.874411330215343
"483","KATELYN JONG","AAfinal","FX",0.834403249158334
"484","KATELYN JONG","AAfinal","UB",0.822595946114661
"485","KATELYN JONG","qual","BB",0.81077247540815
"486","KATELYN JONG","qual","VT",0.876985644312904
"487","KATELYN JONG","qual","FX",0.836977563255894
"488","KATELYN JONG","qual","UB",0.825170260212222
"489","KATELYN JONG","final","BB",0.817115273880108
"490","KATELYN JONG","final","VT",0.883328442784862
"491","KATELYN JONG","final","FX",0.843320361727852
"492","KATELYN JONG","final","UB",0.83151305868418
"493","KATELYN JONG","AAqual","BB",NA
"494","KATELYN JONG","AAqual","VT",NA
"495","KATELYN JONG","AAqual","FX",NA
"496","KATELYN JONG","AAqual","UB",NA
"497","KATELYN JONG","TeamFinal","BB",NA
"498","KATELYN JONG","TeamFinal","VT",NA
"499","KATELYN JONG","TeamFinal","FX",NA
"500","KATELYN JONG","TeamFinal","UB",NA
"501","LEVI JUNG-RUIVIVAR","AAfinal","BB",0.768998173057652
"502","LEVI JUNG-RUIVIVAR","AAfinal","VT",0.835481413974319
"503","LEVI JUNG-RUIVIVAR","AAfinal","FX",0.796310556154242
"504","LEVI JUNG-RUIVIVAR","AAfinal","UB",0.783960010599936
"505","LEVI JUNG-RUIVIVAR","qual","BB",0.771572487155213
"506","LEVI JUNG-RUIVIVAR","qual","VT",0.83805572807188
"507","LEVI JUNG-RUIVIVAR","qual","FX",0.798884870251802
"508","LEVI JUNG-RUIVIVAR","qual","UB",0.786534324697497
"509","LEVI JUNG-RUIVIVAR","final","BB",0.77791528562717
"510","LEVI JUNG-RUIVIVAR","final","VT",0.844398526543838
"511","LEVI JUNG-RUIVIVAR","final","FX",0.80522766872376
"512","LEVI JUNG-RUIVIVAR","final","UB",0.792877123169455
"513","LEVI JUNG-RUIVIVAR","AAqual","BB",NA
"514","LEVI JUNG-RUIVIVAR","AAqual","VT",NA
"515","LEVI JUNG-RUIVIVAR","AAqual","FX",NA
"516","LEVI JUNG-RUIVIVAR","AAqual","UB",NA
"517","LEVI JUNG-RUIVIVAR","TeamFinal","BB",NA
"518","LEVI JUNG-RUIVIVAR","TeamFinal","VT",NA
"519","LEVI JUNG-RUIVIVAR","TeamFinal","FX",NA
"520","LEVI JUNG-RUIVIVAR","TeamFinal","UB",NA
"521","AVERY KING","AAfinal","BB",0.717657259745675
"522","AVERY KING","AAfinal","VT",0.819614754545208
"523","AVERY KING","AAfinal","FX",0.757712088623618
"524","AVERY KING","AAfinal","UB",0.726904774449551
"525","AVERY KING","qual","BB",NA
"526","AVERY KING","qual","VT",NA
"527","AVERY KING","qual","FX",NA
"528","AVERY KING","qual","UB",NA
"529","AVERY KING","final","BB",NA
"530","AVERY KING","final","VT",NA
"531","AVERY KING","final","FX",NA
"532","AVERY KING","final","UB",NA
"533","AVERY KING","AAqual","BB",NA
"534","AVERY KING","AAqual","VT",NA
"535","AVERY KING","AAqual","FX",NA
"536","AVERY KING","AAqual","UB",NA
"537","AVERY KING","TeamFinal","BB",NA
"538","AVERY KING","TeamFinal","VT",NA
"539","AVERY KING","TeamFinal","FX",NA
"540","AVERY KING","TeamFinal","UB",NA
"541","SUNISA LEE","AAfinal","BB",0.836947923598872
"542","SUNISA LEE","AAfinal","VT",0.903485178917921
"543","SUNISA LEE","AAfinal","FX",NA
"544","SUNISA LEE","AAfinal","UB",NA
"545","SUNISA LEE","qual","BB",0.839522237696432
"546","SUNISA LEE","qual","VT",0.906059493015482
"547","SUNISA LEE","qual","FX",NA
"548","SUNISA LEE","qual","UB",NA
"549","SUNISA LEE","final","BB",0.84586503616839
"550","SUNISA LEE","final","VT",0.91240229148744
"551","SUNISA LEE","final","FX",NA
"552","SUNISA LEE","final","UB",NA
"553","SUNISA LEE","AAqual","BB",NA
"554","SUNISA LEE","AAqual","VT",NA
"555","SUNISA LEE","AAqual","FX",NA
"556","SUNISA LEE","AAqual","UB",NA
"557","SUNISA LEE","TeamFinal","BB",NA
"558","SUNISA LEE","TeamFinal","VT",NA
"559","SUNISA LEE","TeamFinal","FX",NA
"560","SUNISA LEE","TeamFinal","UB",NA
"561","MYLI LEW","AAfinal","BB",NA
"562","MYLI LEW","AAfinal","VT",0.853003532045938
"563","MYLI LEW","AAfinal","FX",NA
"564","MYLI LEW","AAfinal","UB",0.804061241779802
"565","MYLI LEW","qual","BB",0.789447937008164
"566","MYLI LEW","qual","VT",0.855577846143499
"567","MYLI LEW","qual","FX",0.816220176080926
"568","MYLI LEW","qual","UB",0.806635555877362
"569","MYLI LEW","final","BB",0.795790735480122
"570","MYLI LEW","final","VT",0.861920644615457
"571","MYLI LEW","final","FX",0.822562974552884
"572","MYLI LEW","final","UB",0.81297835434932
"573","MYLI LEW","AAqual","BB",NA
"574","MYLI LEW","AAqual","VT",NA
"575","MYLI LEW","AAqual","FX",NA
"576","MYLI LEW","AAqual","UB",NA
"577","MYLI LEW","TeamFinal","BB",NA
"578","MYLI LEW","TeamFinal","VT",NA
"579","MYLI LEW","TeamFinal","FX",NA
"580","MYLI LEW","TeamFinal","UB",NA
"581","KALIYA LINCOLN","AAfinal","BB",0.811230245574524
"582","KALIYA LINCOLN","AAfinal","VT",0.879837041695673
"583","KALIYA LINCOLN","AAfinal","FX",0.840480044932578
"584","KALIYA LINCOLN","AAfinal","UB",0.834072051662512
"585","KALIYA LINCOLN","qual","BB",0.813804559672085
"586","KALIYA LINCOLN","qual","VT",0.882411355793233
"587","KALIYA LINCOLN","qual","FX",0.843054359030138
"588","KALIYA LINCOLN","qual","UB",0.836646365760073
"589","KALIYA LINCOLN","final","BB",0.820147358144043
"590","KALIYA LINCOLN","final","VT",0.888754154265191
"591","KALIYA LINCOLN","final","FX",0.849397157502096
"592","KALIYA LINCOLN","final","UB",0.842989164232031
"593","KALIYA LINCOLN","AAqual","BB",NA
"594","KALIYA LINCOLN","AAqual","VT",NA
"595","KALIYA LINCOLN","AAqual","FX",NA
"596","KALIYA LINCOLN","AAqual","UB",NA
"597","KALIYA LINCOLN","TeamFinal","BB",NA
"598","KALIYA LINCOLN","TeamFinal","VT",NA
"599","KALIYA LINCOLN","TeamFinal","FX",NA
"600","KALIYA LINCOLN","TeamFinal","UB",NA
"601","LAUREN LITTLE","AAfinal","BB",0.776010714160262
"602","LAUREN LITTLE","AAfinal","VT",0.857651099402677
"603","LAUREN LITTLE","AAfinal","FX",0.803029343827185
"604","LAUREN LITTLE","AAfinal","UB",0.80075458363685
"605","LAUREN LITTLE","qual","BB",NA
"606","LAUREN LITTLE","qual","VT",NA
"607","LAUREN LITTLE","qual","FX",NA
"608","LAUREN LITTLE","qual","UB",NA
"609","LAUREN LITTLE","final","BB",NA
"610","LAUREN LITTLE","final","VT",NA
"611","LAUREN LITTLE","final","FX",NA
"612","LAUREN LITTLE","final","UB",NA
"613","LAUREN LITTLE","AAqual","BB",NA
"614","LAUREN LITTLE","AAqual","VT",NA
"615","LAUREN LITTLE","AAqual","FX",NA
"616","LAUREN LITTLE","AAqual","UB",NA
"617","LAUREN LITTLE","TeamFinal","BB",NA
"618","LAUREN LITTLE","TeamFinal","VT",NA
"619","LAUREN LITTLE","TeamFinal","FX",NA
"620","LAUREN LITTLE","TeamFinal","UB",NA
"621","EVEYLYNN LOWE","AAfinal","BB",0.788775645281998
"622","EVEYLYNN LOWE","AAfinal","VT",0.855557308311276
"623","EVEYLYNN LOWE","AAfinal","FX",0.816688453669162
"624","EVEYLYNN LOWE","AAfinal","UB",0.802460086971248
"625","EVEYLYNN LOWE","qual","BB",0.791349959379558
"626","EVEYLYNN LOWE","qual","VT",0.858131622408837
"627","EVEYLYNN LOWE","qual","FX",0.819262767766722
"628","EVEYLYNN LOWE","qual","UB",0.805034401068808
"629","EVEYLYNN LOWE","final","BB",0.797692757851516
"630","EVEYLYNN LOWE","final","VT",0.864474420880795
"631","EVEYLYNN LOWE","final","FX",0.82560556623868
"632","EVEYLYNN LOWE","final","UB",0.811377199540766
"633","EVEYLYNN LOWE","AAqual","BB",NA
"634","EVEYLYNN LOWE","AAqual","VT",NA
"635","EVEYLYNN LOWE","AAqual","FX",NA
"636","EVEYLYNN LOWE","AAqual","UB",NA
"637","EVEYLYNN LOWE","TeamFinal","BB",NA
"638","EVEYLYNN LOWE","TeamFinal","VT",NA
"639","EVEYLYNN LOWE","TeamFinal","FX",NA
"640","EVEYLYNN LOWE","TeamFinal","UB",NA
"641","NOLA MATTHEWS","AAfinal","BB",0.804050192298434
"642","NOLA MATTHEWS","AAfinal","VT",0.870074310794848
"643","NOLA MATTHEWS","AAfinal","FX",0.830282287347369
"644","NOLA MATTHEWS","AAfinal","UB",0.818822979432378
"645","NOLA MATTHEWS","qual","BB",0.806624506395994
"646","NOLA MATTHEWS","qual","VT",0.872648624892408
"647","NOLA MATTHEWS","qual","FX",0.832856601444929
"648","NOLA MATTHEWS","qual","UB",0.821397293529939
"649","NOLA MATTHEWS","final","BB",0.812967304867952
"650","NOLA MATTHEWS","final","VT",0.878991423364366
"651","NOLA MATTHEWS","final","FX",0.839199399916887
"652","NOLA MATTHEWS","final","UB",0.827740092001897
"653","NOLA MATTHEWS","AAqual","BB",NA
"654","NOLA MATTHEWS","AAqual","VT",NA
"655","NOLA MATTHEWS","AAqual","FX",NA
"656","NOLA MATTHEWS","AAqual","UB",NA
"657","NOLA MATTHEWS","TeamFinal","BB",NA
"658","NOLA MATTHEWS","TeamFinal","VT",NA
"659","NOLA MATTHEWS","TeamFinal","FX",NA
"660","NOLA MATTHEWS","TeamFinal","UB",NA
"661","NOLA RHIANNE MATTHEWS","AAfinal","BB",NA
"662","NOLA RHIANNE MATTHEWS","AAfinal","VT",NA
"663","NOLA RHIANNE MATTHEWS","AAfinal","FX",NA
"664","NOLA RHIANNE MATTHEWS","AAfinal","UB",NA
"665","NOLA RHIANNE MATTHEWS","qual","BB",NA
"666","NOLA RHIANNE MATTHEWS","qual","VT",NA
"667","NOLA RHIANNE MATTHEWS","qual","FX",NA
"668","NOLA RHIANNE MATTHEWS","qual","UB",NA
"669","NOLA RHIANNE MATTHEWS","final","BB",NA
"670","NOLA RHIANNE MATTHEWS","final","VT",NA
"671","NOLA RHIANNE MATTHEWS","final","FX",NA
"672","NOLA RHIANNE MATTHEWS","final","UB",NA
"673","NOLA RHIANNE MATTHEWS","AAqual","BB",NA
"674","NOLA RHIANNE MATTHEWS","AAqual","VT",NA
"675","NOLA RHIANNE MATTHEWS","AAqual","FX",NA
"676","NOLA RHIANNE MATTHEWS","AAqual","UB",NA
"677","NOLA RHIANNE MATTHEWS","TeamFinal","BB",NA
"678","NOLA RHIANNE MATTHEWS","TeamFinal","VT",NA
"679","NOLA RHIANNE MATTHEWS","TeamFinal","FX",0.826916454409609
"680","NOLA RHIANNE MATTHEWS","TeamFinal","UB",0.81529510328747
"681","KONNOR MCCLAIN","AAfinal","BB",0.858462788091319
"682","KONNOR MCCLAIN","AAfinal","VT",0.923778004859224
"683","KONNOR MCCLAIN","AAfinal","FX",0.88327976548225
"684","KONNOR MCCLAIN","AAfinal","UB",0.870191968098738
"685","KONNOR MCCLAIN","qual","BB",0.861037102188879
"686","KONNOR MCCLAIN","qual","VT",0.926352318956784
"687","KONNOR MCCLAIN","qual","FX",0.88585407957981
"688","KONNOR MCCLAIN","qual","UB",0.872766282196298
"689","KONNOR MCCLAIN","final","BB",0.867379900660837
"690","KONNOR MCCLAIN","final","VT",0.932695117428742
"691","KONNOR MCCLAIN","final","FX",0.892196878051768
"692","KONNOR MCCLAIN","final","UB",0.879109080668256
"693","KONNOR MCCLAIN","AAqual","BB",NA
"694","KONNOR MCCLAIN","AAqual","VT",NA
"695","KONNOR MCCLAIN","AAqual","FX",NA
"696","KONNOR MCCLAIN","AAqual","UB",NA
"697","KONNOR MCCLAIN","TeamFinal","BB",NA
"698","KONNOR MCCLAIN","TeamFinal","VT",NA
"699","KONNOR MCCLAIN","TeamFinal","FX",NA
"700","KONNOR MCCLAIN","TeamFinal","UB",NA
"701","ZOE MILLER","AAfinal","BB",0.807179643552987
"702","ZOE MILLER","AAfinal","VT",0.874554122108969
"703","ZOE MILLER","AAfinal","FX",0.834789105862681
"704","ZOE MILLER","AAfinal","UB",0.822223271536467
"705","ZOE MILLER","qual","BB",0.809753957650547
"706","ZOE MILLER","qual","VT",0.877128436206529
"707","ZOE MILLER","qual","FX",0.837363419960242
"708","ZOE MILLER","qual","UB",0.824797585634028
"709","ZOE MILLER","final","BB",0.816096756122505
"710","ZOE MILLER","final","VT",0.883471234678487
"711","ZOE MILLER","final","FX",0.8437062184322
"712","ZOE MILLER","final","UB",0.831140384105986
"713","ZOE MILLER","AAqual","BB",NA
"714","ZOE MILLER","AAqual","VT",NA
"715","ZOE MILLER","AAqual","FX",NA
"716","ZOE MILLER","AAqual","UB",NA
"717","ZOE MILLER","TeamFinal","BB",NA
"718","ZOE MILLER","TeamFinal","VT",NA
"719","ZOE MILLER","TeamFinal","FX",NA
"720","ZOE MILLER","TeamFinal","UB",NA
"721","ANNALISA MILTON","AAfinal","BB",0.725579556736897
"722","ANNALISA MILTON","AAfinal","VT",0.814273255831876
"723","ANNALISA MILTON","AAfinal","FX",0.740635915603221
"724","ANNALISA MILTON","AAfinal","UB",0.717648053847399
"725","ANNALISA MILTON","qual","BB",NA
"726","ANNALISA MILTON","qual","VT",NA
"727","ANNALISA MILTON","qual","FX",NA
"728","ANNALISA MILTON","qual","UB",NA
"729","ANNALISA MILTON","final","BB",NA
"730","ANNALISA MILTON","final","VT",NA
"731","ANNALISA MILTON","final","FX",NA
"732","ANNALISA MILTON","final","UB",NA
"733","ANNALISA MILTON","AAqual","BB",NA
"734","ANNALISA MILTON","AAqual","VT",NA
"735","ANNALISA MILTON","AAqual","FX",NA
"736","ANNALISA MILTON","AAqual","UB",NA
"737","ANNALISA MILTON","TeamFinal","BB",NA
"738","ANNALISA MILTON","TeamFinal","VT",NA
"739","ANNALISA MILTON","TeamFinal","FX",NA
"740","ANNALISA MILTON","TeamFinal","UB",NA
"741","MALEA MILTON","AAfinal","BB",0.708885681214755
"742","MALEA MILTON","AAfinal","VT",0.81209810424153
"743","MALEA MILTON","AAfinal","FX",0.732743821865397
"744","MALEA MILTON","AAfinal","UB",0.725300894442934
"745","MALEA MILTON","qual","BB",NA
"746","MALEA MILTON","qual","VT",NA
"747","MALEA MILTON","qual","FX",NA
"748","MALEA MILTON","qual","UB",NA
"749","MALEA MILTON","final","BB",NA
"750","MALEA MILTON","final","VT",NA
"751","MALEA MILTON","final","FX",NA
"752","MALEA MILTON","final","UB",NA
"753","MALEA MILTON","AAqual","BB",NA
"754","MALEA MILTON","AAqual","VT",NA
"755","MALEA MILTON","AAqual","FX",NA
"756","MALEA MILTON","AAqual","UB",NA
"757","MALEA MILTON","TeamFinal","BB",NA
"758","MALEA MILTON","TeamFinal","VT",NA
"759","MALEA MILTON","TeamFinal","FX",NA
"760","MALEA MILTON","TeamFinal","UB",NA
"761","AVERY MOLL","AAfinal","BB",0.736027618344608
"762","AVERY MOLL","AAfinal","VT",0.836509269832455
"763","AVERY MOLL","AAfinal","FX",0.774606603910865
"764","AVERY MOLL","AAfinal","UB",0.751178506295232
"765","AVERY MOLL","qual","BB",NA
"766","AVERY MOLL","qual","VT",NA
"767","AVERY MOLL","qual","FX",NA
"768","AVERY MOLL","qual","UB",NA
"769","AVERY MOLL","final","BB",NA
"770","AVERY MOLL","final","VT",NA
"771","AVERY MOLL","final","FX",NA
"772","AVERY MOLL","final","UB",NA
"773","AVERY MOLL","AAqual","BB",NA
"774","AVERY MOLL","AAqual","VT",NA
"775","AVERY MOLL","AAqual","FX",NA
"776","AVERY MOLL","AAqual","UB",NA
"777","AVERY MOLL","TeamFinal","BB",NA
"778","AVERY MOLL","TeamFinal","VT",NA
"779","AVERY MOLL","TeamFinal","FX",NA
"780","AVERY MOLL","TeamFinal","UB",NA
"781","KAYLEN MORGAN","AAfinal","BB",0.820622830556418
"782","KAYLEN MORGAN","AAfinal","VT",NA
"783","KAYLEN MORGAN","AAfinal","FX",NA
"784","KAYLEN MORGAN","AAfinal","UB",NA
"785","KAYLEN MORGAN","qual","BB",NA
"786","KAYLEN MORGAN","qual","VT",NA
"787","KAYLEN MORGAN","qual","FX",NA
"788","KAYLEN MORGAN","qual","UB",NA
"789","KAYLEN MORGAN","final","BB",NA
"790","KAYLEN MORGAN","final","VT",NA
"791","KAYLEN MORGAN","final","FX",NA
"792","KAYLEN MORGAN","final","UB",NA
"793","KAYLEN MORGAN","AAqual","BB",NA
"794","KAYLEN MORGAN","AAqual","VT",NA
"795","KAYLEN MORGAN","AAqual","FX",NA
"796","KAYLEN MORGAN","AAqual","UB",NA
"797","KAYLEN MORGAN","TeamFinal","BB",NA
"798","KAYLEN MORGAN","TeamFinal","VT",NA
"799","KAYLEN MORGAN","TeamFinal","FX",NA
"800","KAYLEN MORGAN","TeamFinal","UB",NA
"801","ELLE MUELLER","AAfinal","BB",0.801896794168215
"802","ELLE MUELLER","AAfinal","VT",0.867245732634846
"803","ELLE MUELLER","AAfinal","FX",0.827494774931644
"804","ELLE MUELLER","AAfinal","UB",0.816156444479525
"805","ELLE MUELLER","qual","BB",0.804471108265776
"806","ELLE MUELLER","qual","VT",0.869820046732406
"807","ELLE MUELLER","qual","FX",0.830069089029205
"808","ELLE MUELLER","qual","UB",0.818730758577085
"809","ELLE MUELLER","final","BB",0.810813906737734
"810","ELLE MUELLER","final","VT",0.876162845204364
"811","ELLE MUELLER","final","FX",0.836411887501163
"812","ELLE MUELLER","final","UB",0.825073557049043
"813","ELLE MUELLER","AAqual","BB",NA
"814","ELLE MUELLER","AAqual","VT",NA
"815","ELLE MUELLER","AAqual","FX",NA
"816","ELLE MUELLER","AAqual","UB",NA
"817","ELLE MUELLER","TeamFinal","BB",NA
"818","ELLE MUELLER","TeamFinal","VT",NA
"819","ELLE MUELLER","TeamFinal","FX",NA
"820","ELLE MUELLER","TeamFinal","UB",NA
"821","ELLA MURPHY","AAfinal","BB",0.719715669938418
"822","ELLA MURPHY","AAfinal","VT",0.827576537984698
"823","ELLA MURPHY","AAfinal","FX",0.762722185439735
"824","ELLA MURPHY","AAfinal","UB",0.743721617759162
"825","ELLA MURPHY","qual","BB",NA
"826","ELLA MURPHY","qual","VT",NA
"827","ELLA MURPHY","qual","FX",NA
"828","ELLA MURPHY","qual","UB",NA
"829","ELLA MURPHY","final","BB",NA
"830","ELLA MURPHY","final","VT",NA
"831","ELLA MURPHY","final","FX",NA
"832","ELLA MURPHY","final","UB",NA
"833","ELLA MURPHY","AAqual","BB",NA
"834","ELLA MURPHY","AAqual","VT",NA
"835","ELLA MURPHY","AAqual","FX",NA
"836","ELLA MURPHY","AAqual","UB",NA
"837","ELLA MURPHY","TeamFinal","BB",NA
"838","ELLA MURPHY","TeamFinal","VT",NA
"839","ELLA MURPHY","TeamFinal","FX",NA
"840","ELLA MURPHY","TeamFinal","UB",NA
"841","MARISSA NEAL","AAfinal","BB",0.777275295043714
"842","MARISSA NEAL","AAfinal","VT",0.843407442344894
"843","MARISSA NEAL","AAfinal","FX",0.803696440500989
"844","MARISSA NEAL","AAfinal","UB",0.791588959757406
"845","MARISSA NEAL","qual","BB",0.779849609141275
"846","MARISSA NEAL","qual","VT",0.845981756442454
"847","MARISSA NEAL","qual","FX",0.80627075459855
"848","MARISSA NEAL","qual","UB",0.794163273854966
"849","MARISSA NEAL","final","BB",0.786192407613233
"850","MARISSA NEAL","final","VT",0.852324554914412
"851","MARISSA NEAL","final","FX",0.812613553070508
"852","MARISSA NEAL","final","UB",0.800506072326924
"853","MARISSA NEAL","AAqual","BB",NA
"854","MARISSA NEAL","AAqual","VT",NA
"855","MARISSA NEAL","AAqual","FX",NA
"856","MARISSA NEAL","AAqual","UB",NA
"857","MARISSA NEAL","TeamFinal","BB",NA
"858","MARISSA NEAL","TeamFinal","VT",NA
"859","MARISSA NEAL","TeamFinal","FX",NA
"860","MARISSA NEAL","TeamFinal","UB",NA
"861","BROOKE PIERSON","AAfinal","BB",0.762136568131354
"862","BROOKE PIERSON","AAfinal","VT",0.828349737036108
"863","BROOKE PIERSON","AAfinal","FX",0.788665742393395
"864","BROOKE PIERSON","AAfinal","UB",0.776585268851003
"865","BROOKE PIERSON","qual","BB",0.764710882228915
"866","BROOKE PIERSON","qual","VT",0.830924051133668
"867","BROOKE PIERSON","qual","FX",0.791240056490955
"868","BROOKE PIERSON","qual","UB",0.779159582948563
"869","BROOKE PIERSON","final","BB",0.771053680700873
"870","BROOKE PIERSON","final","VT",0.837266849605626
"871","BROOKE PIERSON","final","FX",0.797582854962913
"872","BROOKE PIERSON","final","UB",0.785502381420521
"873","BROOKE PIERSON","AAqual","BB",NA
"874","BROOKE PIERSON","AAqual","VT",NA
"875","BROOKE PIERSON","AAqual","FX",NA
"876","BROOKE PIERSON","AAqual","UB",NA
"877","BROOKE PIERSON","TeamFinal","BB",NA
"878","BROOKE PIERSON","TeamFinal","VT",NA
"879","BROOKE PIERSON","TeamFinal","FX",NA
"880","BROOKE PIERSON","TeamFinal","UB",NA
"881","MICHELLE PINEDA","AAfinal","BB",0.788542347869214
"882","MICHELLE PINEDA","AAfinal","VT",0.855975764792436
"883","MICHELLE PINEDA","AAfinal","FX",0.817106910150322
"884","MICHELLE PINEDA","AAfinal","UB",0.803448828109609
"885","MICHELLE PINEDA","qual","BB",0.791116661966774
"886","MICHELLE PINEDA","qual","VT",0.858550078889997
"887","MICHELLE PINEDA","qual","FX",0.819681224247882
"888","MICHELLE PINEDA","qual","UB",0.806023142207169
"889","MICHELLE PINEDA","final","BB",0.797459460438732
"890","MICHELLE PINEDA","final","VT",0.864892877361955
"891","MICHELLE PINEDA","final","FX",0.82602402271984
"892","MICHELLE PINEDA","final","UB",0.812365940679127
"893","MICHELLE PINEDA","AAqual","BB",NA
"894","MICHELLE PINEDA","AAqual","VT",NA
"895","MICHELLE PINEDA","AAqual","FX",NA
"896","MICHELLE PINEDA","AAqual","UB",NA
"897","MICHELLE PINEDA","TeamFinal","BB",NA
"898","MICHELLE PINEDA","TeamFinal","VT",NA
"899","MICHELLE PINEDA","TeamFinal","FX",NA
"900","MICHELLE PINEDA","TeamFinal","UB",NA
"901","CHRISTIANE POPOVICH","AAfinal","BB",0.733200815896248
"902","CHRISTIANE POPOVICH","AAfinal","VT",0.836634154007468
"903","CHRISTIANE POPOVICH","AAfinal","FX",0.773255644774192
"904","CHRISTIANE POPOVICH","AAfinal","UB",0.758682607028679
"905","CHRISTIANE POPOVICH","qual","BB",NA
"906","CHRISTIANE POPOVICH","qual","VT",NA
"907","CHRISTIANE POPOVICH","qual","FX",NA
"908","CHRISTIANE POPOVICH","qual","UB",NA
"909","CHRISTIANE POPOVICH","final","BB",NA
"910","CHRISTIANE POPOVICH","final","VT",NA
"911","CHRISTIANE POPOVICH","final","FX",NA
"912","CHRISTIANE POPOVICH","final","UB",NA
"913","CHRISTIANE POPOVICH","AAqual","BB",NA
"914","CHRISTIANE POPOVICH","AAqual","VT",NA
"915","CHRISTIANE POPOVICH","AAqual","FX",NA
"916","CHRISTIANE POPOVICH","AAqual","UB",NA
"917","CHRISTIANE POPOVICH","TeamFinal","BB",NA
"918","CHRISTIANE POPOVICH","TeamFinal","VT",NA
"919","CHRISTIANE POPOVICH","TeamFinal","FX",NA
"920","CHRISTIANE POPOVICH","TeamFinal","UB",NA
"921","CAMRYN RICHARDSON","AAfinal","BB",NA
"922","CAMRYN RICHARDSON","AAfinal","VT",0.871925260331254
"923","CAMRYN RICHARDSON","AAfinal","FX",0.801167534539543
"924","CAMRYN RICHARDSON","AAfinal","UB",NA
"925","CAMRYN RICHARDSON","qual","BB",NA
"926","CAMRYN RICHARDSON","qual","VT",NA
"927","CAMRYN RICHARDSON","qual","FX",NA
"928","CAMRYN RICHARDSON","qual","UB",NA
"929","CAMRYN RICHARDSON","final","BB",NA
"930","CAMRYN RICHARDSON","final","VT",NA
"931","CAMRYN RICHARDSON","final","FX",NA
"932","CAMRYN RICHARDSON","final","UB",NA
"933","CAMRYN RICHARDSON","AAqual","BB",NA
"934","CAMRYN RICHARDSON","AAqual","VT",NA
"935","CAMRYN RICHARDSON","AAqual","FX",NA
"936","CAMRYN RICHARDSON","AAqual","UB",NA
"937","CAMRYN RICHARDSON","TeamFinal","BB",NA
"938","CAMRYN RICHARDSON","TeamFinal","VT",NA
"939","CAMRYN RICHARDSON","TeamFinal","FX",NA
"940","CAMRYN RICHARDSON","TeamFinal","UB",NA
"941","JOSCELYN ROBERSON","AAfinal","BB",0.800687514629067
"942","JOSCELYN ROBERSON","AAfinal","VT",0.866742087138277
"943","JOSCELYN ROBERSON","AAfinal","FX",0.826849289853424
"944","JOSCELYN ROBERSON","AAfinal","UB",0.81462307852608
"945","JOSCELYN ROBERSON","qual","BB",0.803261828726627
"946","JOSCELYN ROBERSON","qual","VT",0.869316401235837
"947","JOSCELYN ROBERSON","qual","FX",0.829423603950984
"948","JOSCELYN ROBERSON","qual","UB",0.81719739262364
"949","JOSCELYN ROBERSON","final","BB",0.809604627198585
"950","JOSCELYN ROBERSON","final","VT",0.875659199707795
"951","JOSCELYN ROBERSON","final","FX",0.835766402422942
"952","JOSCELYN ROBERSON","final","UB",0.823540191095598
"953","JOSCELYN ROBERSON","AAqual","BB",NA
"954","JOSCELYN ROBERSON","AAqual","VT",NA
"955","JOSCELYN ROBERSON","AAqual","FX",NA
"956","JOSCELYN ROBERSON","AAqual","UB",NA
"957","JOSCELYN ROBERSON","TeamFinal","BB",NA
"958","JOSCELYN ROBERSON","TeamFinal","VT",NA
"959","JOSCELYN ROBERSON","TeamFinal","FX",NA
"960","JOSCELYN ROBERSON","TeamFinal","UB",NA
"961","JOSCELYN MICHELLE ROBERSON","AAfinal","BB",NA
"962","JOSCELYN MICHELLE ROBERSON","AAfinal","VT",NA
"963","JOSCELYN MICHELLE ROBERSON","AAfinal","FX",NA
"964","JOSCELYN MICHELLE ROBERSON","AAfinal","UB",NA
"965","JOSCELYN MICHELLE ROBERSON","qual","BB",NA
"966","JOSCELYN MICHELLE ROBERSON","qual","VT",NA
"967","JOSCELYN MICHELLE ROBERSON","qual","FX",NA
"968","JOSCELYN MICHELLE ROBERSON","qual","UB",NA
"969","JOSCELYN MICHELLE ROBERSON","final","BB",NA
"970","JOSCELYN MICHELLE ROBERSON","final","VT",NA
"971","JOSCELYN MICHELLE ROBERSON","final","FX",NA
"972","JOSCELYN MICHELLE ROBERSON","final","UB",NA
"973","JOSCELYN MICHELLE ROBERSON","AAqual","BB",NA
"974","JOSCELYN MICHELLE ROBERSON","AAqual","VT",NA
"975","JOSCELYN MICHELLE ROBERSON","AAqual","FX",NA
"976","JOSCELYN MICHELLE ROBERSON","AAqual","UB",NA
"977","JOSCELYN MICHELLE ROBERSON","TeamFinal","BB",0.828401927582839
"978","JOSCELYN MICHELLE ROBERSON","TeamFinal","VT",0.894939182901888
"979","JOSCELYN MICHELLE ROBERSON","TeamFinal","FX",0.855174166655601
"980","JOSCELYN MICHELLE ROBERSON","TeamFinal","UB",NA
"981","KATELYN ROSEN","AAfinal","BB",0.7934076467363
"982","KATELYN ROSEN","AAfinal","VT",0.859621703549038
"983","KATELYN ROSEN","AAfinal","FX",0.820099086182484
"984","KATELYN ROSEN","AAfinal","UB",0.807467739728121
"985","KATELYN ROSEN","qual","BB",0.79598196083386
"986","KATELYN ROSEN","qual","VT",0.862196017646598
"987","KATELYN ROSEN","qual","FX",0.822673400280045
"988","KATELYN ROSEN","qual","UB",0.810042053825682
"989","KATELYN ROSEN","final","BB",0.802324759305818
"990","KATELYN ROSEN","final","VT",0.868538816118556
"991","KATELYN ROSEN","final","FX",0.829016198752003
"992","KATELYN ROSEN","final","UB",0.816384852297639
"993","KATELYN ROSEN","AAqual","BB",NA
"994","KATELYN ROSEN","AAqual","VT",NA
"995","KATELYN ROSEN","AAqual","FX",NA
"996","KATELYN ROSEN","AAqual","UB",NA
"997","KATELYN ROSEN","TeamFinal","BB",NA
"998","KATELYN ROSEN","TeamFinal","VT",NA
"999","KATELYN ROSEN","TeamFinal","FX",NA
"1000","KATELYN ROSEN","TeamFinal","UB",NA
"1001","ASHLEE SULLIVAN","AAfinal","BB",0.797856092967688
"1002","ASHLEE SULLIVAN","AAfinal","VT",0.864312326683164
"1003","ASHLEE SULLIVAN","AAfinal","FX",0.82400716641305
"1004","ASHLEE SULLIVAN","AAfinal","UB",0.814087268965966
"1005","ASHLEE SULLIVAN","qual","BB",0.800430407065249
"1006","ASHLEE SULLIVAN","qual","VT",0.866886640780724
"1007","ASHLEE SULLIVAN","qual","FX",0.82658148051061
"1008","ASHLEE SULLIVAN","qual","UB",0.816661583063527
"1009","ASHLEE SULLIVAN","final","BB",0.806773205537207
"1010","ASHLEE SULLIVAN","final","VT",0.873229439252682
"1011","ASHLEE SULLIVAN","final","FX",0.832924278982568
"1012","ASHLEE SULLIVAN","final","UB",0.823004381535485
"1013","ASHLEE SULLIVAN","AAqual","BB",NA
"1014","ASHLEE SULLIVAN","AAqual","VT",NA
"1015","ASHLEE SULLIVAN","AAqual","FX",NA
"1016","ASHLEE SULLIVAN","AAqual","UB",NA
"1017","ASHLEE SULLIVAN","TeamFinal","BB",NA
"1018","ASHLEE SULLIVAN","TeamFinal","VT",NA
"1019","ASHLEE SULLIVAN","TeamFinal","FX",NA
"1020","ASHLEE SULLIVAN","TeamFinal","UB",NA
"1021","TIANA SUMANASEKERA","AAfinal","BB",0.810186135791177
"1022","TIANA SUMANASEKERA","AAfinal","VT",0.877547659468469
"1023","TIANA SUMANASEKERA","AAfinal","FX",0.838875576994629
"1024","TIANA SUMANASEKERA","AAfinal","UB",0.825904924918852
"1025","TIANA SUMANASEKERA","qual","BB",0.812760449888737
"1026","TIANA SUMANASEKERA","qual","VT",0.88012197356603
"1027","TIANA SUMANASEKERA","qual","FX",0.841449891092189
"1028","TIANA SUMANASEKERA","qual","UB",0.828479239016412
"1029","TIANA SUMANASEKERA","final","BB",0.819103248360695
"1030","TIANA SUMANASEKERA","final","VT",0.886464772037987
"1031","TIANA SUMANASEKERA","final","FX",0.847792689564147
"1032","TIANA SUMANASEKERA","final","UB",0.83482203748837
"1033","TIANA SUMANASEKERA","AAqual","BB",NA
"1034","TIANA SUMANASEKERA","AAqual","VT",NA
"1035","TIANA SUMANASEKERA","AAqual","FX",NA
"1036","TIANA SUMANASEKERA","AAqual","UB",NA
"1037","TIANA SUMANASEKERA","TeamFinal","BB",0.811477742490293
"1038","TIANA SUMANASEKERA","TeamFinal","VT",0.878839266167585
"1039","TIANA SUMANASEKERA","TeamFinal","FX",0.840167183693745
"1040","TIANA SUMANASEKERA","TeamFinal","UB",NA
"1041","BRYNN TORRY","AAfinal","BB",0.733472678637488
"1042","BRYNN TORRY","AAfinal","VT",0.845761076618829
"1043","BRYNN TORRY","AAfinal","FX",0.776479194138805
"1044","BRYNN TORRY","AAfinal","UB",0.781092119445221
"1045","BRYNN TORRY","qual","BB",NA
"1046","BRYNN TORRY","qual","VT",NA
"1047","BRYNN TORRY","qual","FX",NA
"1048","BRYNN TORRY","qual","UB",NA
"1049","BRYNN TORRY","final","BB",NA
"1050","BRYNN TORRY","final","VT",NA
"1051","BRYNN TORRY","final","FX",NA
"1052","BRYNN TORRY","final","UB",NA
"1053","BRYNN TORRY","AAqual","BB",NA
"1054","BRYNN TORRY","AAqual","VT",NA
"1055","BRYNN TORRY","AAqual","FX",NA
"1056","BRYNN TORRY","AAqual","UB",NA
"1057","BRYNN TORRY","TeamFinal","BB",NA
"1058","BRYNN TORRY","TeamFinal","VT",NA
"1059","BRYNN TORRY","TeamFinal","FX",NA
"1060","BRYNN TORRY","TeamFinal","UB",NA
"1061","GABRIELLA VAN FRAYEN","AAfinal","BB",0.745233409846996
"1062","GABRIELLA VAN FRAYEN","AAfinal","VT",0.841287531399782
"1063","GABRIELLA VAN FRAYEN","AAfinal","FX",0.776433178854819
"1064","GABRIELLA VAN FRAYEN","AAfinal","UB",NA
"1065","GABRIELLA VAN FRAYEN","qual","BB",NA
"1066","GABRIELLA VAN FRAYEN","qual","VT",NA
"1067","GABRIELLA VAN FRAYEN","qual","FX",NA
"1068","GABRIELLA VAN FRAYEN","qual","UB",NA
"1069","GABRIELLA VAN FRAYEN","final","BB",NA
"1070","GABRIELLA VAN FRAYEN","final","VT",NA
"1071","GABRIELLA VAN FRAYEN","final","FX",NA
"1072","GABRIELLA VAN FRAYEN","final","UB",NA
"1073","GABRIELLA VAN FRAYEN","AAqual","BB",NA
"1074","GABRIELLA VAN FRAYEN","AAqual","VT",NA
"1075","GABRIELLA VAN FRAYEN","AAqual","FX",NA
"1076","GABRIELLA VAN FRAYEN","AAqual","UB",NA
"1077","GABRIELLA VAN FRAYEN","TeamFinal","BB",NA
"1078","GABRIELLA VAN FRAYEN","TeamFinal","VT",NA
"1079","GABRIELLA VAN FRAYEN","TeamFinal","FX",NA
"1080","GABRIELLA VAN FRAYEN","TeamFinal","UB",NA
"1081","PAITYN WALKER","AAfinal","BB",0.751135507267434
"1082","PAITYN WALKER","AAfinal","VT",0.84718962882022
"1083","PAITYN WALKER","AAfinal","FX",0.773480216405136
"1084","PAITYN WALKER","AAfinal","UB",0.792851574828421
"1085","PAITYN WALKER","qual","BB",NA
"1086","PAITYN WALKER","qual","VT",NA
"1087","PAITYN WALKER","qual","FX",NA
"1088","PAITYN WALKER","qual","UB",NA
"1089","PAITYN WALKER","final","BB",NA
"1090","PAITYN WALKER","final","VT",NA
"1091","PAITYN WALKER","final","FX",NA
"1092","PAITYN WALKER","final","UB",NA
"1093","PAITYN WALKER","AAqual","BB",NA
"1094","PAITYN WALKER","AAqual","VT",NA
"1095","PAITYN WALKER","AAqual","FX",NA
"1096","PAITYN WALKER","AAqual","UB",NA
"1097","PAITYN WALKER","TeamFinal","BB",NA
"1098","PAITYN WALKER","TeamFinal","VT",NA
"1099","PAITYN WALKER","TeamFinal","FX",NA
"1100","PAITYN WALKER","TeamFinal","UB",NA
"1101","LEANNE WONG","AAfinal","BB",0.823973370332759
"1102","LEANNE WONG","AAfinal","VT",0.890130753871117
"1103","LEANNE WONG","AAfinal","FX",0.849767612239232
"1104","LEANNE WONG","AAfinal","UB",0.837282916160977
"1105","LEANNE WONG","qual","BB",0.82654768443032
"1106","LEANNE WONG","qual","VT",0.892705067968678
"1107","LEANNE WONG","qual","FX",0.852341926336793
"1108","LEANNE WONG","qual","UB",0.839857230258537
"1109","LEANNE WONG","final","BB",0.832890482902278
"1110","LEANNE WONG","final","VT",0.899047866440636
"1111","LEANNE WONG","final","FX",0.858684724808751
"1112","LEANNE WONG","final","UB",0.846200028730495
"1113","LEANNE WONG","AAqual","BB",NA
"1114","LEANNE WONG","AAqual","VT",NA
"1115","LEANNE WONG","AAqual","FX",NA
"1116","LEANNE WONG","AAqual","UB",NA
"1117","LEANNE WONG","TeamFinal","BB",0.825264977031876
"1118","LEANNE WONG","TeamFinal","VT",0.891422360570234
"1119","LEANNE WONG","TeamFinal","FX",0.851059218938349
"1120","LEANNE WONG","TeamFinal","UB",0.838574522860093
"1121","KELISE WOOLFORD","AAfinal","BB",0.74787892562042
"1122","KELISE WOOLFORD","AAfinal","VT",0.815393811780386
"1123","KELISE WOOLFORD","AAfinal","FX",0.772940310721581
"1124","KELISE WOOLFORD","AAfinal","UB",0.762459528913843
"1125","KELISE WOOLFORD","qual","BB",0.750453239717981
"1126","KELISE WOOLFORD","qual","VT",0.817968125877946
"1127","KELISE WOOLFORD","qual","FX",0.775514624819141
"1128","KELISE WOOLFORD","qual","UB",0.765033843011404
"1129","KELISE WOOLFORD","final","BB",0.756796038189939
"1130","KELISE WOOLFORD","final","VT",0.824310924349904
"1131","KELISE WOOLFORD","final","FX",0.781857423291099
"1132","KELISE WOOLFORD","final","UB",0.771376641483362
"1133","KELISE WOOLFORD","AAqual","BB",NA
"1134","KELISE WOOLFORD","AAqual","VT",NA
"1135","KELISE WOOLFORD","AAqual","FX",NA
"1136","KELISE WOOLFORD","AAqual","UB",NA
"1137","KELISE WOOLFORD","TeamFinal","BB",NA
"1138","KELISE WOOLFORD","TeamFinal","VT",NA
"1139","KELISE WOOLFORD","TeamFinal","FX",NA
"1140","KELISE WOOLFORD","TeamFinal","UB",NA
"1141","LEXI ZEISS","AAfinal","BB",0.810930812840718
"1142","LEXI ZEISS","AAfinal","VT",0.879071112033222
"1143","LEXI ZEISS","AAfinal","FX",0.838995845938728
"1144","LEXI ZEISS","AAfinal","UB",0.826469420611185
"1145","LEXI ZEISS","qual","BB",0.813505126938278
"1146","LEXI ZEISS","qual","VT",0.881645426130782
"1147","LEXI ZEISS","qual","FX",0.841570160036288
"1148","LEXI ZEISS","qual","UB",0.829043734708745
"1149","LEXI ZEISS","final","BB",0.819847925410236
"1150","LEXI ZEISS","final","VT",0.88798822460274
"1151","LEXI ZEISS","final","FX",0.847912958508246
"1152","LEXI ZEISS","final","UB",0.835386533180703
"1153","LEXI ZEISS","AAqual","BB",NA
"1154","LEXI ZEISS","AAqual","VT",NA
"1155","LEXI ZEISS","AAqual","FX",NA
"1156","LEXI ZEISS","AAqual","UB",NA
"1157","LEXI ZEISS","TeamFinal","BB",NA
"1158","LEXI ZEISS","TeamFinal","VT",NA
"1159","LEXI ZEISS","TeamFinal","FX",NA
"1160","LEXI ZEISS","TeamFinal","UB",NA
"1161","ALICIA ZHOU","AAfinal","BB",0.800433178112633
"1162","ALICIA ZHOU","AAfinal","VT",0.867377779615397
"1163","ALICIA ZHOU","AAfinal","FX",0.827857171079339
"1164","ALICIA ZHOU","AAfinal","UB",0.815584066063257
"1165","ALICIA ZHOU","qual","BB",0.803007492210193
"1166","ALICIA ZHOU","qual","VT",0.869952093712958
"1167","ALICIA ZHOU","qual","FX",0.830431485176899
"1168","ALICIA ZHOU","qual","UB",0.818158380160817
"1169","ALICIA ZHOU","final","BB",0.809350290682151
"1170","ALICIA ZHOU","final","VT",0.876294892184916
"1171","ALICIA ZHOU","final","FX",0.836774283648857
"1172","ALICIA ZHOU","final","UB",0.824501178632775
"1173","ALICIA ZHOU","AAqual","BB",NA
"1174","ALICIA ZHOU","AAqual","VT",NA
"1175","ALICIA ZHOU","AAqual","FX",NA
"1176","ALICIA ZHOU","AAqual","UB",NA
"1177","ALICIA ZHOU","TeamFinal","BB",NA
"1178","ALICIA ZHOU","TeamFinal","VT",NA
"1179","ALICIA ZHOU","TeamFinal","FX",NA
"1180","ALICIA ZHOU","TeamFinal","UB",NA
