Unnamed: 0.1,Unnamed: 0,Competition,Country,Round,Apparatus,Rank,Score,days_till_paris,names,rate_of_change
127,128,2022 U.S. Championships,USA,qual,BB,,13.6,700,CIENA ALIPIO,0.0093922651933701
128,129,2022 U.S. Championships,USA,final,BB,,13.95,700,CIENA ALIPIO,0.0093922651933701
129,130,2022 U.S. Championships,USA,qual,FX,,11.95,700,CIENA ALIPIO,-0.0027624309392265
130,131,2022 U.S. Championships,USA,final,FX,,11.35,700,CIENA ALIPIO,-0.0027624309392265
131,132,2022 U.S. Championships,USA,qual,UB,,12.35,700,CIENA ALIPIO,-0.0024861878453038
132,133,2022 U.S. Championships,USA,final,UB,,12.45,700,CIENA ALIPIO,-0.0024861878453038
133,134,2022 U.S. Championships,USA,qual,VT,,11.95,700,CIENA ALIPIO,0.0
134,135,2022 U.S. Championships,USA,final,VT,,13.2,700,CIENA ALIPIO,0.0
135,136,2022 U.S. Classic,USA,AAfinal,BB,12.0,11.4,731,CIENA ALIPIO,0.0093922651933701
136,137,2022 U.S. Classic,USA,AAfinal,FX,6.0,12.2,731,CIENA ALIPIO,-0.0027624309392265
137,138,2022 U.S. Classic,USA,AAfinal,UB,11.0,12.45,731,CIENA ALIPIO,-0.0024861878453038
138,139,2022 U.S. Classic,USA,AAfinal,VT,,13.3,731,CIENA ALIPIO,0.0
139,140,2022 Winter Cup,USA,AAfinal,BB,17.0,12.25,881,CIENA ALIPIO,0.0093922651933701
140,141,2022 Winter Cup,USA,AAfinal,FX,19.0,11.85,881,CIENA ALIPIO,-0.0027624309392265
141,142,2022 Winter Cup,USA,AAfinal,UB,11.0,12.9,881,CIENA ALIPIO,-0.0024861878453038
142,143,2022 Winter Cup,USA,AAfinal,VT,,13.2,881,CIENA ALIPIO,0.0
282,283,2023 Core Hydration Classic,USA,AAfinal,BB,33.0,9.7,335,LEIGH ANNE ELLIOTT,0.0
283,284,2023 Core Hydration Classic,USA,AAfinal,FX,26.0,9.0,335,LEIGH ANNE ELLIOTT,0.0
284,285,2023 Core Hydration Classic,USA,AAfinal,UB,23.0,12.25,335,LEIGH ANNE ELLIOTT,0.0
285,286,2023 Core Hydration Classic,USA,AAfinal,VT,,12.85,335,LEIGH ANNE ELLIOTT,0.0
549,550,2022 Winter Cup,USA,AAfinal,BB,6.0,13.1,881,SYDNEY BARROS,0.0
550,551,2022 Winter Cup,USA,AAfinal,FX,13.0,12.6,881,SYDNEY BARROS,-0.001340206185567
551,552,2022 Winter Cup,USA,AAfinal,UB,10.0,13.0,881,SYDNEY BARROS,0.0
552,553,2022 Winter Cup,USA,AAfinal,VT,,13.1,881,SYDNEY BARROS,0.0
718,719,2023 52nd FIG Artistic Gymnastics World Championships,USA,AAfinal,BB,1.0,14.433,304,SIMONE BILES,-0.0161290322580645
719,720,2023 52nd FIG Artistic Gymnastics World Championships,USA,final,BB,1.0,14.8,304,SIMONE BILES,-0.0161290322580645
720,721,2023 52nd FIG Artistic Gymnastics World Championships,USA,qual,BB,1.0,14.566,304,SIMONE BILES,-0.0161290322580645
721,722,2023 52nd FIG Artistic Gymnastics World Championships,USA,TeamFinal,BB,,14.3,304,SIMONE BILES,-0.0161290322580645
722,723,2023 52nd FIG Artistic Gymnastics World Championships,USA,AAfinal,FX,1.0,14.533,304,SIMONE BILES,0.0085806451612903
723,724,2023 52nd FIG Artistic Gymnastics World Championships,USA,final,FX,1.0,14.633,304,SIMONE BILES,0.0085806451612903
724,725,2023 52nd FIG Artistic Gymnastics World Championships,USA,qual,FX,1.0,14.633,304,SIMONE BILES,0.0085806451612903
725,726,2023 52nd FIG Artistic Gymnastics World Championships,USA,TeamFinal,FX,,15.166,304,SIMONE BILES,0.0085806451612903
726,727,2023 52nd FIG Artistic Gymnastics World Championships,USA,AAfinal,UB,6.0,14.333,304,SIMONE BILES,0.0150322580645161
727,728,2023 52nd FIG Artistic Gymnastics World Championships,USA,final,UB,5.0,14.2,304,SIMONE BILES,0.0150322580645161
728,729,2023 52nd FIG Artistic Gymnastics World Championships,USA,qual,UB,5.0,14.4,304,SIMONE BILES,0.0150322580645161
729,730,2023 52nd FIG Artistic Gymnastics World Championships,USA,TeamFinal,UB,,14.466,304,SIMONE BILES,0.0150322580645161
730,731,2023 52nd FIG Artistic Gymnastics World Championships,USA,AAfinal,VT,1.0,15.1,304,SIMONE BILES,-0.024741935483871
731,732,2023 52nd FIG Artistic Gymnastics World Championships,USA,TeamFinal,VT,,14.8,304,SIMONE BILES,-0.024741935483871
732,733,2023 52nd FIG Artistic Gymnastics World Championships,USA,final,VT,2.0,14.433,304,SIMONE BILES,-0.024741935483871
733,734,2023 52nd FIG Artistic Gymnastics World Championships,USA,qual,VT,1.0,15.266,304,SIMONE BILES,-0.024741935483871
734,735,2023 52nd FIG Artistic Gymnastics World Championships,USA,final,VT,2.0,14.666,304,SIMONE BILES,-0.024741935483871
735,736,2023 52nd FIG Artistic Gymnastics World Championships,USA,qual,VT,1.0,14.633,304,SIMONE BILES,-0.024741935483871
736,737,2023 Core Hydration Classic,USA,AAfinal,BB,1.0,14.8,335,SIMONE BILES,-0.0161290322580645
737,738,2023 Core Hydration Classic,USA,AAfinal,FX,1.0,14.9,335,SIMONE BILES,0.0085806451612903
738,739,2023 Core Hydration Classic,USA,AAfinal,UB,3.0,14.0,335,SIMONE BILES,0.0150322580645161
739,740,2023 Core Hydration Classic,USA,AAfinal,VT,,15.4,335,SIMONE BILES,-0.024741935483871
740,741,2023 U.S. Championships,USA,qual,BB,,14.45,335,SIMONE BILES,-0.0161290322580645
741,742,2023 U.S. Championships,USA,final,BB,,14.85,335,SIMONE BILES,-0.0161290322580645
742,743,2023 U.S. Championships,USA,qual,FX,,14.8,335,SIMONE BILES,0.0085806451612903
743,744,2023 U.S. Championships,USA,final,FX,,15.4,335,SIMONE BILES,0.0085806451612903
744,745,2023 U.S. Championships,USA,qual,UB,,14.35,335,SIMONE BILES,0.0150322580645161
745,746,2023 U.S. Championships,USA,final,UB,,14.05,335,SIMONE BILES,0.0150322580645161
746,747,2023 U.S. Championships,USA,qual,VT,,15.7,335,SIMONE BILES,-0.024741935483871
747,748,2023 U.S. Championships,USA,final,VT,,14.85,335,SIMONE BILES,-0.024741935483871
796,797,2022 51st FIG Artistic Gymnastics World Championships,USA,final,BB,5.0,13.3,639,SKYE BLAKELY,-0.0028318890814558
797,798,2022 51st FIG Artistic Gymnastics World Championships,USA,qual,BB,2.0,13.733,639,SKYE BLAKELY,-0.0028318890814558
798,799,2022 51st FIG Artistic Gymnastics World Championships,USA,TeamFinal,BB,,13.266,639,SKYE BLAKELY,-0.0028318890814558
799,800,2022 51st FIG Artistic Gymnastics World Championships,USA,qual,FX,11.0,13.6,639,SKYE BLAKELY,-0.0019230769230769
800,801,2022 51st FIG Artistic Gymnastics World Championships,USA,qual,UB,63.0,12.566,639,SKYE BLAKELY,0.0017608318890814
801,802,2022 U.S. Championships,USA,qual,BB,,13.45,700,SKYE BLAKELY,-0.0028318890814558
802,803,2022 U.S. Championships,USA,final,BB,,12.95,700,SKYE BLAKELY,-0.0028318890814558
803,804,2022 U.S. Championships,USA,qual,FX,,13.3,700,SKYE BLAKELY,-0.0019230769230769
804,805,2022 U.S. Championships,USA,final,FX,,13.45,700,SKYE BLAKELY,-0.0019230769230769
805,806,2022 U.S. Championships,USA,qual,UB,,13.85,700,SKYE BLAKELY,0.0017608318890814
806,807,2022 U.S. Championships,USA,final,UB,,13.9,700,SKYE BLAKELY,0.0017608318890814
807,808,2022 U.S. Championships,USA,qual,VT,,14.1,700,SKYE BLAKELY,0.0008241758241758
808,809,2022 U.S. Championships,USA,final,VT,,14.3,700,SKYE BLAKELY,0.0008241758241758
809,810,2022 Winter Cup,USA,AAfinal,BB,3.0,13.5,881,SKYE BLAKELY,-0.0028318890814558
810,811,2022 Winter Cup,USA,AAfinal,FX,2.0,13.25,881,SKYE BLAKELY,-0.0019230769230769
811,812,2022 Winter Cup,USA,AAfinal,UB,7.0,13.15,881,SKYE BLAKELY,0.0017608318890814
812,813,2022 Winter Cup,USA,AAfinal,VT,,13.8,881,SKYE BLAKELY,0.0008241758241758
813,814,2023 52nd FIG Artistic Gymnastics World Championships,USA,qual,BB,92.0,11.866,304,SKYE BLAKELY,-0.0028318890814558
814,815,2023 52nd FIG Artistic Gymnastics World Championships,USA,qual,UB,8.0,14.133,304,SKYE BLAKELY,0.0017608318890814
815,816,2023 52nd FIG Artistic Gymnastics World Championships,USA,TeamFinal,UB,,14.166,304,SKYE BLAKELY,0.0017608318890814
816,817,2023 Core Hydration Classic,USA,AAfinal,BB,3.0,14.3,335,SKYE BLAKELY,-0.0028318890814558
817,818,2023 Core Hydration Classic,USA,AAfinal,UB,2.0,14.35,335,SKYE BLAKELY,0.0017608318890814
818,819,2023 Core Hydration Classic,USA,AAfinal,VT,,14.1,335,SKYE BLAKELY,0.0008241758241758
819,820,2023 U.S. Championships,USA,qual,BB,,14.05,335,SKYE BLAKELY,-0.0028318890814558
820,821,2023 U.S. Championships,USA,final,BB,,14.2,335,SKYE BLAKELY,-0.0028318890814558
821,822,2023 U.S. Championships,USA,qual,FX,,12.9,335,SKYE BLAKELY,-0.0019230769230769
822,823,2023 U.S. Championships,USA,final,FX,,12.2,335,SKYE BLAKELY,-0.0019230769230769
823,824,2023 U.S. Championships,USA,qual,UB,,14.4,335,SKYE BLAKELY,0.0017608318890814
824,825,2023 U.S. Championships,USA,final,UB,,14.4,335,SKYE BLAKELY,0.0017608318890814
825,826,2023 U.S. Championships,USA,qual,VT,,14.35,335,SKYE BLAKELY,0.0008241758241758
826,827,2023 U.S. Championships,USA,final,VT,,14.25,335,SKYE BLAKELY,0.0008241758241758
827,828,2023 Winter Cup,USA,AAfinal,BB,1.0,13.4,516,SKYE BLAKELY,-0.0028318890814558
828,829,2023 Winter Cup,USA,AAfinal,UB,8.0,13.15,516,SKYE BLAKELY,0.0017608318890814
858,859,2022 U.S. Championships,USA,qual,BB,,12.7,700,CHARLOTTE BOOTH,0.0012820512820512
859,860,2022 U.S. Championships,USA,final,BB,,12.35,700,CHARLOTTE BOOTH,0.0012820512820512
860,861,2022 U.S. Championships,USA,qual,FX,,12.1,700,CHARLOTTE BOOTH,-0.0016483516483516
861,862,2022 U.S. Championships,USA,final,FX,,12.15,700,CHARLOTTE BOOTH,-0.0016483516483516
862,863,2022 U.S. Championships,USA,qual,UB,,12.3,700,CHARLOTTE BOOTH,0.0012820512820512
863,864,2022 U.S. Championships,USA,final,UB,,13.4,700,CHARLOTTE BOOTH,0.0012820512820512
864,865,2022 U.S. Championships,USA,qual,VT,,13.5,700,CHARLOTTE BOOTH,-0.0005494505494505
865,866,2022 U.S. Championships,USA,final,VT,,13.6,700,CHARLOTTE BOOTH,-0.0005494505494505
866,867,2022 U.S. Classic,USA,AAfinal,BB,9.0,11.7,731,CHARLOTTE BOOTH,0.0012820512820512
867,868,2022 U.S. Classic,USA,AAfinal,UB,3.0,13.4,731,CHARLOTTE BOOTH,0.0012820512820512
868,869,2022 Winter Cup,USA,AAfinal,BB,24.0,10.6,881,CHARLOTTE BOOTH,0.0012820512820512
869,870,2022 Winter Cup,USA,AAfinal,FX,18.0,12.1,881,CHARLOTTE BOOTH,-0.0016483516483516
870,871,2022 Winter Cup,USA,AAfinal,UB,15.0,12.65,881,CHARLOTTE BOOTH,0.0012820512820512
871,872,2022 Winter Cup,USA,AAfinal,VT,,13.7,881,CHARLOTTE BOOTH,-0.0005494505494505
872,873,2023 Core Hydration Classic,USA,AAfinal,BB,22.0,11.8,335,CHARLOTTE BOOTH,0.0012820512820512
873,874,2023 Core Hydration Classic,USA,AAfinal,FX,11.0,12.8,335,CHARLOTTE BOOTH,-0.0016483516483516
874,875,2023 Core Hydration Classic,USA,AAfinal,UB,9.0,13.65,335,CHARLOTTE BOOTH,0.0012820512820512
875,876,2023 Core Hydration Classic,USA,AAfinal,VT,,13.7,335,CHARLOTTE BOOTH,-0.0005494505494505
876,877,2023 U.S. Championships,USA,qual,BB,,12.5,335,CHARLOTTE BOOTH,0.0012820512820512
877,878,2023 U.S. Championships,USA,final,BB,,11.3,335,CHARLOTTE BOOTH,0.0012820512820512
878,879,2023 U.S. Championships,USA,qual,FX,,12.5,335,CHARLOTTE BOOTH,-0.0016483516483516
879,880,2023 U.S. Championships,USA,final,FX,,11.2,335,CHARLOTTE BOOTH,-0.0016483516483516
880,881,2023 U.S. Championships,USA,qual,UB,,13.1,335,CHARLOTTE BOOTH,0.0012820512820512
881,882,2023 U.S. Championships,USA,final,UB,,13.35,335,CHARLOTTE BOOTH,0.0012820512820512
882,883,2023 U.S. Championships,USA,qual,VT,,13.6,335,CHARLOTTE BOOTH,-0.0005494505494505
883,884,2023 U.S. Championships,USA,final,VT,,13.4,335,CHARLOTTE BOOTH,-0.0005494505494505
884,885,2023 Winter Cup,USA,AAfinal,BB,12.0,12.05,516,CHARLOTTE BOOTH,0.0012820512820512
885,886,2023 Winter Cup,USA,AAfinal,FX,22.0,11.75,516,CHARLOTTE BOOTH,-0.0016483516483516
886,887,2023 Winter Cup,USA,AAfinal,UB,2.0,13.75,516,CHARLOTTE BOOTH,0.0012820512820512
887,888,2023 Winter Cup,USA,AAfinal,VT,,13.55,516,CHARLOTTE BOOTH,-0.0005494505494505
1101,1102,2022 51st FIG Artistic Gymnastics World Championships,USA,AAfinal,BB,11.0,12.633,639,JADE CAREY,-0.0031506849315068
1102,1103,2022 51st FIG Artistic Gymnastics World Championships,USA,qual,BB,11.0,13.133,639,JADE CAREY,-0.0031506849315068
1103,1104,2022 51st FIG Artistic Gymnastics World Championships,USA,TeamFinal,BB,,12.8,639,JADE CAREY,-0.0031506849315068
1104,1105,2022 51st FIG Artistic Gymnastics World Championships,USA,AAfinal,FX,3.0,14.166,639,JADE CAREY,-0.0026027397260274
1105,1106,2022 51st FIG Artistic Gymnastics World Championships,USA,final,FX,3.0,13.733,639,JADE CAREY,-0.0026027397260274
1106,1107,2022 51st FIG Artistic Gymnastics World Championships,USA,qual,FX,5.0,14.066,639,JADE CAREY,-0.0026027397260274
1107,1108,2022 51st FIG Artistic Gymnastics World Championships,USA,TeamFinal,FX,,14.1,639,JADE CAREY,-0.0026027397260274
1108,1109,2022 51st FIG Artistic Gymnastics World Championships,USA,AAfinal,UB,15.0,13.166,639,JADE CAREY,-0.000958904109589
1109,1110,2022 51st FIG Artistic Gymnastics World Championships,USA,qual,UB,32.0,13.333,639,JADE CAREY,-0.000958904109589
1110,1111,2022 51st FIG Artistic Gymnastics World Championships,USA,AAfinal,VT,2.0,14.733,639,JADE CAREY,-0.0006849315068493
1111,1112,2022 51st FIG Artistic Gymnastics World Championships,USA,TeamFinal,VT,,14.8,639,JADE CAREY,-0.0006849315068493
1112,1113,2022 51st FIG Artistic Gymnastics World Championships,USA,final,VT,1.0,14.733,639,JADE CAREY,-0.0006849315068493
1113,1114,2022 51st FIG Artistic Gymnastics World Championships,USA,qual,VT,2.0,14.6,639,JADE CAREY,-0.0006849315068493
1114,1115,2022 51st FIG Artistic Gymnastics World Championships,USA,qual,VT,1.0,14.6,639,JADE CAREY,-0.0006849315068493
1115,1116,2022 51st FIG Artistic Gymnastics World Championships,USA,final,VT,1.0,14.3,639,JADE CAREY,-0.0006849315068493
1116,1117,2022 51st FIG Artistic Gymnastics World Championships,USA,qual,VT,1.0,14.366,639,JADE CAREY,-0.0006849315068493
1117,1118,2022 Paris World Challenge Cup,USA,final,BB,2.0,13.75,669,JADE CAREY,-0.0031506849315068
1118,1119,2022 Paris World Challenge Cup,USA,qual,BB,2.0,13.4,669,JADE CAREY,-0.0031506849315068
1119,1120,2022 Paris World Challenge Cup,USA,final,VT,1.0,14.75,669,JADE CAREY,-0.0006849315068493
1120,1121,2022 Paris World Challenge Cup,USA,qual,VT,1.0,14.55,669,JADE CAREY,-0.0006849315068493
1121,1122,2022 Paris World Challenge Cup,USA,final,VT,1.0,14.0,669,JADE CAREY,-0.0006849315068493
1122,1123,2022 Paris World Challenge Cup,USA,qual,VT,1.0,14.15,669,JADE CAREY,-0.0006849315068493
1123,1124,2022 U.S. Championships,USA,qual,BB,,13.2,700,JADE CAREY,-0.0031506849315068
1124,1125,2022 U.S. Championships,USA,final,BB,,13.3,700,JADE CAREY,-0.0031506849315068
1125,1126,2022 U.S. Championships,USA,qual,FX,,14.05,700,JADE CAREY,-0.0026027397260274
1126,1127,2022 U.S. Championships,USA,final,FX,,13.85,700,JADE CAREY,-0.0026027397260274
1127,1128,2022 U.S. Championships,USA,qual,UB,,13.6,700,JADE CAREY,-0.000958904109589
1128,1129,2022 U.S. Championships,USA,final,UB,,13.45,700,JADE CAREY,-0.000958904109589
1129,1130,2022 U.S. Championships,USA,qual,VT,,14.8,700,JADE CAREY,-0.0006849315068493
1130,1131,2022 U.S. Championships,USA,final,VT,,14.65,700,JADE CAREY,-0.0006849315068493
1131,1132,2023 Core Hydration Classic,USA,AAfinal,BB,9.0,13.0,335,JADE CAREY,-0.0031506849315068
1132,1133,2023 U.S. Championships,USA,qual,BB,,12.15,335,JADE CAREY,-0.0031506849315068
1133,1134,2023 U.S. Championships,USA,final,BB,,12.05,335,JADE CAREY,-0.0031506849315068
1134,1135,2023 U.S. Championships,USA,qual,FX,,13.35,335,JADE CAREY,-0.0026027397260274
1135,1136,2023 U.S. Championships,USA,final,FX,,13.1,335,JADE CAREY,-0.0026027397260274
1136,1137,2023 U.S. Championships,USA,qual,UB,,12.05,335,JADE CAREY,-0.000958904109589
1137,1138,2023 U.S. Championships,USA,final,UB,,13.25,335,JADE CAREY,-0.000958904109589
1138,1139,2023 U.S. Championships,USA,qual,VT,,13.95,335,JADE CAREY,-0.0006849315068493
1139,1140,2023 U.S. Championships,USA,final,VT,,14.55,335,JADE CAREY,-0.0006849315068493
1206,1207,2023 Core Hydration Classic,USA,AAfinal,BB,16.0,12.7,335,DULCY CAYLOR,0.0024861878453038
1207,1208,2023 Core Hydration Classic,USA,AAfinal,FX,12.0,12.65,335,DULCY CAYLOR,0.0049723756906077
1208,1209,2023 Core Hydration Classic,USA,AAfinal,UB,16.0,12.9,335,DULCY CAYLOR,-0.0033149171270718
1209,1210,2023 Core Hydration Classic,USA,AAfinal,VT,,13.7,335,DULCY CAYLOR,0.0011049723756906
1210,1211,2023 U.S. Championships,USA,qual,BB,,12.2,335,DULCY CAYLOR,0.0024861878453038
1211,1212,2023 U.S. Championships,USA,final,BB,,12.4,335,DULCY CAYLOR,0.0024861878453038
1212,1213,2023 U.S. Championships,USA,qual,FX,,12.9,335,DULCY CAYLOR,0.0049723756906077
1213,1214,2023 U.S. Championships,USA,final,FX,,12.75,335,DULCY CAYLOR,0.0049723756906077
1214,1215,2023 U.S. Championships,USA,qual,UB,,12.0,335,DULCY CAYLOR,-0.0033149171270718
1215,1216,2023 U.S. Championships,USA,final,UB,,12.75,335,DULCY CAYLOR,-0.0033149171270718
1216,1217,2023 U.S. Championships,USA,qual,VT,,13.9,335,DULCY CAYLOR,0.0011049723756906
1217,1218,2023 U.S. Championships,USA,final,VT,,13.6,335,DULCY CAYLOR,0.0011049723756906
1218,1219,2023 Winter Cup,USA,AAfinal,BB,13.0,11.95,516,DULCY CAYLOR,0.0024861878453038
1219,1220,2023 Winter Cup,USA,AAfinal,FX,20.0,11.85,516,DULCY CAYLOR,0.0049723756906077
1220,1221,2023 Winter Cup,USA,AAfinal,UB,7.0,13.35,516,DULCY CAYLOR,-0.0033149171270718
1221,1222,2023 Winter Cup,USA,AAfinal,VT,,13.4,516,DULCY CAYLOR,0.0011049723756906
1282,1283,2022 51st FIG Artistic Gymnastics World Championships,USA,qual,BB,83.0,11.366,639,JORDAN CHILES,-0.0014084507042253
1283,1284,2022 51st FIG Artistic Gymnastics World Championships,USA,TeamFinal,BB,,13.333,639,JORDAN CHILES,-0.0014084507042253
1284,1285,2022 51st FIG Artistic Gymnastics World Championships,USA,final,FX,2.0,13.833,639,JORDAN CHILES,-0.0017605633802816
1285,1286,2022 51st FIG Artistic Gymnastics World Championships,USA,qual,FX,4.0,14.1,639,JORDAN CHILES,-0.0017605633802816
1286,1287,2022 51st FIG Artistic Gymnastics World Championships,USA,TeamFinal,FX,,14.0,639,JORDAN CHILES,-0.0017605633802816
1287,1288,2022 51st FIG Artistic Gymnastics World Championships,USA,qual,UB,18.0,14.066,639,JORDAN CHILES,-0.0003521126760563
1288,1289,2022 51st FIG Artistic Gymnastics World Championships,USA,TeamFinal,UB,,14.1,639,JORDAN CHILES,-0.0003521126760563
1289,1290,2022 51st FIG Artistic Gymnastics World Championships,USA,TeamFinal,VT,,14.4,639,JORDAN CHILES,-0.0012136150234741
1290,1291,2022 51st FIG Artistic Gymnastics World Championships,USA,final,VT,2.0,14.5,639,JORDAN CHILES,-0.0012136150234741
1291,1292,2022 51st FIG Artistic Gymnastics World Championships,USA,qual,VT,3.0,14.466,639,JORDAN CHILES,-0.0012136150234741
1292,1293,2022 51st FIG Artistic Gymnastics World Championships,USA,qual,VT,2.0,14.466,639,JORDAN CHILES,-0.0012136150234741
1293,1294,2022 51st FIG Artistic Gymnastics World Championships,USA,final,VT,2.0,14.2,639,JORDAN CHILES,-0.0012136150234741
1294,1295,2022 51st FIG Artistic Gymnastics World Championships,USA,qual,VT,2.0,14.166,639,JORDAN CHILES,-0.0012136150234741
1295,1296,2022 Paris World Challenge Cup,USA,final,FX,1.0,14.05,669,JORDAN CHILES,-0.0017605633802816
1296,1297,2022 Paris World Challenge Cup,USA,qual,FX,2.0,13.5,669,JORDAN CHILES,-0.0017605633802816
1297,1298,2022 Paris World Challenge Cup,USA,final,UB,5.0,13.75,669,JORDAN CHILES,-0.0003521126760563
1298,1299,2022 Paris World Challenge Cup,USA,qual,UB,6.0,13.4,669,JORDAN CHILES,-0.0003521126760563
1299,1300,2022 Paris World Challenge Cup,USA,final,VT,2.0,14.15,669,JORDAN CHILES,-0.0012136150234741
1300,1301,2022 Paris World Challenge Cup,USA,qual,VT,2.0,14.1,669,JORDAN CHILES,-0.0012136150234741
1301,1302,2022 Paris World Challenge Cup,USA,qual,VT,2.0,13.8,669,JORDAN CHILES,-0.0012136150234741
1302,1303,2022 Paris World Challenge Cup,USA,final,VT,2.0,13.9,669,JORDAN CHILES,-0.0012136150234741
1303,1304,2022 U.S. Championships,USA,qual,BB,,13.6,700,JORDAN CHILES,-0.0014084507042253
1304,1305,2022 U.S. Championships,USA,final,BB,,13.45,700,JORDAN CHILES,-0.0014084507042253
1305,1306,2022 U.S. Championships,USA,qual,FX,,13.95,700,JORDAN CHILES,-0.0017605633802816
1306,1307,2022 U.S. Championships,USA,final,FX,,13.9,700,JORDAN CHILES,-0.0017605633802816
1307,1308,2022 U.S. Championships,USA,qual,UB,,14.25,700,JORDAN CHILES,-0.0003521126760563
1308,1309,2022 U.S. Championships,USA,final,UB,,14.1,700,JORDAN CHILES,-0.0003521126760563
1309,1310,2022 U.S. Championships,USA,qual,VT,,14.35,700,JORDAN CHILES,-0.0012136150234741
1310,1311,2022 U.S. Championships,USA,final,VT,,14.3,700,JORDAN CHILES,-0.0012136150234741
1311,1312,2023 Core Hydration Classic,USA,AAfinal,BB,13.0,12.8,335,JORDAN CHILES,-0.0014084507042253
1312,1313,2023 Core Hydration Classic,USA,AAfinal,UB,4.0,13.9,335,JORDAN CHILES,-0.0003521126760563
1313,1314,2023 U.S. Championships,USA,qual,BB,,13.0,335,JORDAN CHILES,-0.0014084507042253
1314,1315,2023 U.S. Championships,USA,final,BB,,12.1,335,JORDAN CHILES,-0.0014084507042253
1315,1316,2023 U.S. Championships,USA,qual,FX,,13.1,335,JORDAN CHILES,-0.0017605633802816
1316,1317,2023 U.S. Championships,USA,final,FX,,13.85,335,JORDAN CHILES,-0.0017605633802816
1317,1318,2023 U.S. Championships,USA,qual,UB,,14.2,335,JORDAN CHILES,-0.0003521126760563
1318,1319,2023 U.S. Championships,USA,final,UB,,12.95,335,JORDAN CHILES,-0.0003521126760563
1319,1320,2023 U.S. Championships,USA,qual,VT,,14.3,335,JORDAN CHILES,-0.0012136150234741
1320,1321,2023 U.S. Championships,USA,final,VT,,14.25,335,JORDAN CHILES,-0.0012136150234741
1321,1322,SANTIAGO 2023 XIX Pan American Games,USA,AAfinal,BB,2.0,13.466,274,JORDAN CHILES,-0.0014084507042253
1322,1323,SANTIAGO 2023 XIX Pan American Games,USA,qual,BB,7.0,13.0,274,JORDAN CHILES,-0.0014084507042253
1323,1324,SANTIAGO 2023 XIX Pan American Games,USA,AAfinal,FX,2.0,13.533,274,JORDAN CHILES,-0.0017605633802816
1324,1325,SANTIAGO 2023 XIX Pan American Games,USA,qual,FX,6.0,13.2,274,JORDAN CHILES,-0.0017605633802816
1325,1326,SANTIAGO 2023 XIX Pan American Games,USA,AAfinal,UB,6.0,12.7,274,JORDAN CHILES,-0.0003521126760563
1326,1327,SANTIAGO 2023 XIX Pan American Games,USA,final,UB,7.0,12.4,274,JORDAN CHILES,-0.0003521126760563
1327,1328,SANTIAGO 2023 XIX Pan American Games,USA,qual,UB,3.0,14.1,274,JORDAN CHILES,-0.0003521126760563
1328,1329,SANTIAGO 2023 XIX Pan American Games,USA,AAfinal,VT,1.0,14.3,274,JORDAN CHILES,-0.0012136150234741
1329,1330,SANTIAGO 2023 XIX Pan American Games,USA,qual,VT,2.0,14.366,274,JORDAN CHILES,-0.0012136150234741
1330,1331,SANTIAGO 2023 XIX Pan American Games,USA,final,VT,2.0,14.4,274,JORDAN CHILES,-0.0012136150234741
1331,1332,SANTIAGO 2023 XIX Pan American Games,USA,final,VT,2.0,13.9,274,JORDAN CHILES,-0.0012136150234741
1332,1333,SANTIAGO 2023 XIX Pan American Games,USA,qual,VT,2.0,13.833,274,JORDAN CHILES,-0.0012136150234741
1333,1334,2023 Core Hydration Classic,USA,AAfinal,BB,30.0,10.5,335,CHLOE CHO,0.0060773480662983
1334,1335,2023 Core Hydration Classic,USA,AAfinal,FX,18.0,12.25,335,CHLOE CHO,0.004696132596685
1335,1336,2023 Core Hydration Classic,USA,AAfinal,UB,30.0,10.95,335,CHLOE CHO,-0.0058011049723756
1336,1337,2023 Core Hydration Classic,USA,AAfinal,VT,,12.95,335,CHLOE CHO,0.0002762430939226
1337,1338,2023 Winter Cup,USA,AAfinal,BB,30.0,9.4,516,CHLOE CHO,0.0060773480662983
1338,1339,2023 Winter Cup,USA,AAfinal,FX,26.0,11.4,516,CHLOE CHO,0.004696132596685
1339,1340,2023 Winter Cup,USA,AAfinal,UB,19.0,12.0,516,CHLOE CHO,-0.0058011049723756
1340,1341,2023 Winter Cup,USA,AAfinal,VT,,12.9,516,CHLOE CHO,0.0002762430939226
1345,1346,2023 Core Hydration Classic,USA,AAfinal,BB,30.0,10.5,335,NORAH CHRISTIAN,0.0005524861878453
1346,1347,2023 Core Hydration Classic,USA,AAfinal,FX,24.0,11.1,335,NORAH CHRISTIAN,-0.0019337016574585
1347,1348,2023 Core Hydration Classic,USA,AAfinal,UB,16.0,12.9,335,NORAH CHRISTIAN,0.0093922651933701
1348,1349,2023 Core Hydration Classic,USA,AAfinal,VT,,12.9,335,NORAH CHRISTIAN,0.005524861878453
1349,1350,2023 Winter Cup,USA,AAfinal,BB,27.0,10.4,516,NORAH CHRISTIAN,0.0005524861878453
1350,1351,2023 Winter Cup,USA,AAfinal,FX,24.0,11.45,516,NORAH CHRISTIAN,-0.0019337016574585
1351,1352,2023 Winter Cup,USA,AAfinal,UB,28.0,11.2,516,NORAH CHRISTIAN,0.0093922651933701
1352,1353,2023 Winter Cup,USA,AAfinal,VT,,11.9,516,NORAH CHRISTIAN,0.005524861878453
1427,1428,2022 Winter Cup,USA,AAfinal,UB,22.0,10.75,881,ADRIANA CONSOLI,0.0
1428,1429,2022 Winter Cup,USA,AAfinal,VT,,12.65,881,ADRIANA CONSOLI,0.0
1791,1792,2022 U.S. Championships,USA,qual,BB,,13.8,700,KAYLA DICELLO,-0.0017230046948356
1792,1793,2022 U.S. Championships,USA,final,BB,,13.55,700,KAYLA DICELLO,-0.0017230046948356
1793,1794,2022 U.S. Championships,USA,qual,FX,,13.85,700,KAYLA DICELLO,-0.0005093896713615
1794,1795,2022 U.S. Championships,USA,final,FX,,13.65,700,KAYLA DICELLO,-0.0005093896713615
1795,1796,2022 U.S. Championships,USA,qual,UB,,14.1,700,KAYLA DICELLO,-0.0007042253521126
1796,1797,2022 U.S. Championships,USA,final,UB,,13.5,700,KAYLA DICELLO,-0.0007042253521126
1797,1798,2022 U.S. Championships,USA,qual,VT,,14.2,700,KAYLA DICELLO,-0.0003145539906103
1798,1799,2022 U.S. Championships,USA,final,VT,,14.3,700,KAYLA DICELLO,-0.0003145539906103
1799,1800,2023 Core Hydration Classic,USA,AAfinal,BB,7.0,13.2,335,KAYLA DICELLO,-0.0017230046948356
1800,1801,2023 Core Hydration Classic,USA,AAfinal,FX,7.0,13.15,335,KAYLA DICELLO,-0.0005093896713615
1801,1802,2023 Core Hydration Classic,USA,AAfinal,UB,25.0,12.2,335,KAYLA DICELLO,-0.0007042253521126
1802,1803,2023 Core Hydration Classic,USA,AAfinal,VT,,13.4,335,KAYLA DICELLO,-0.0003145539906103
1803,1804,2023 U.S. Championships,USA,qual,BB,,11.7,335,KAYLA DICELLO,-0.0017230046948356
1804,1805,2023 U.S. Championships,USA,final,BB,,12.75,335,KAYLA DICELLO,-0.0017230046948356
1805,1806,2023 U.S. Championships,USA,qual,FX,,13.5,335,KAYLA DICELLO,-0.0005093896713615
1806,1807,2023 U.S. Championships,USA,final,FX,,13.75,335,KAYLA DICELLO,-0.0005093896713615
1807,1808,2023 U.S. Championships,USA,qual,UB,,12.3,335,KAYLA DICELLO,-0.0007042253521126
1808,1809,2023 U.S. Championships,USA,final,UB,,13.8,335,KAYLA DICELLO,-0.0007042253521126
1809,1810,2023 U.S. Championships,USA,qual,VT,,14.0,335,KAYLA DICELLO,-0.0003145539906103
1810,1811,2023 U.S. Championships,USA,final,VT,,14.1,335,KAYLA DICELLO,-0.0003145539906103
1811,1812,SANTIAGO 2023 XIX Pan American Games,USA,AAfinal,BB,4.0,13.2,274,KAYLA DICELLO,-0.0017230046948356
1812,1813,SANTIAGO 2023 XIX Pan American Games,USA,final,BB,4.0,13.8,274,KAYLA DICELLO,-0.0017230046948356
1813,1814,SANTIAGO 2023 XIX Pan American Games,USA,qual,BB,5.0,13.066,274,KAYLA DICELLO,-0.0017230046948356
1814,1815,SANTIAGO 2023 XIX Pan American Games,USA,AAfinal,FX,1.0,13.733,274,KAYLA DICELLO,-0.0005093896713615
1815,1816,SANTIAGO 2023 XIX Pan American Games,USA,final,FX,2.0,13.733,274,KAYLA DICELLO,-0.0005093896713615
1816,1817,SANTIAGO 2023 XIX Pan American Games,USA,qual,FX,2.0,13.633,274,KAYLA DICELLO,-0.0005093896713615
1817,1818,SANTIAGO 2023 XIX Pan American Games,USA,AAfinal,UB,1.0,13.633,274,KAYLA DICELLO,-0.0007042253521126
1818,1819,SANTIAGO 2023 XIX Pan American Games,USA,qual,UB,4.0,13.8,274,KAYLA DICELLO,-0.0007042253521126
1819,1820,SANTIAGO 2023 XIX Pan American Games,USA,AAfinal,VT,2.0,14.133,274,KAYLA DICELLO,-0.0003145539906103
1820,1821,SANTIAGO 2023 XIX Pan American Games,USA,qual,VT,4.0,14.066,274,KAYLA DICELLO,-0.0003145539906103
1825,1826,2022 U.S. Championships,USA,qual,BB,,12.65,700,AMELIA DISIDORE,0.0021062271062271
1826,1827,2022 U.S. Championships,USA,final,BB,,12.3,700,AMELIA DISIDORE,0.0021062271062271
1827,1828,2022 U.S. Championships,USA,qual,FX,,13.15,700,AMELIA DISIDORE,0.002014652014652
1828,1829,2022 U.S. Championships,USA,final,FX,,13.15,700,AMELIA DISIDORE,0.002014652014652
1829,1830,2022 U.S. Championships,USA,qual,UB,,11.55,700,AMELIA DISIDORE,0.0049450549450549
1830,1831,2022 U.S. Championships,USA,final,UB,,12.3,700,AMELIA DISIDORE,0.0049450549450549
1831,1832,2022 U.S. Championships,USA,qual,VT,,14.3,700,AMELIA DISIDORE,0.0015567765567765
1832,1833,2022 U.S. Championships,USA,final,VT,,14.3,700,AMELIA DISIDORE,0.0015567765567765
1833,1834,2022 U.S. Classic,USA,AAfinal,BB,13.0,11.2,731,AMELIA DISIDORE,0.0021062271062271
1834,1835,2022 U.S. Classic,USA,AAfinal,FX,5.0,12.55,731,AMELIA DISIDORE,0.002014652014652
1835,1836,2022 U.S. Classic,USA,AAfinal,UB,12.0,11.55,731,AMELIA DISIDORE,0.0049450549450549
1836,1837,2022 U.S. Classic,USA,AAfinal,VT,,13.55,731,AMELIA DISIDORE,0.0015567765567765
1837,1838,2022 Winter Cup,USA,AAfinal,BB,22.0,11.15,881,AMELIA DISIDORE,0.0021062271062271
1838,1839,2022 Winter Cup,USA,AAfinal,FX,16.0,12.35,881,AMELIA DISIDORE,0.002014652014652
1839,1840,2022 Winter Cup,USA,AAfinal,UB,23.0,10.05,881,AMELIA DISIDORE,0.0049450549450549
1840,1841,2022 Winter Cup,USA,AAfinal,VT,,13.15,881,AMELIA DISIDORE,0.0015567765567765
1841,1842,2023 Core Hydration Classic,USA,AAfinal,BB,14.0,12.75,335,AMELIA DISIDORE,0.0021062271062271
1842,1843,2023 Core Hydration Classic,USA,AAfinal,FX,6.0,13.25,335,AMELIA DISIDORE,0.002014652014652
1843,1844,2023 Core Hydration Classic,USA,AAfinal,UB,15.0,12.95,335,AMELIA DISIDORE,0.0049450549450549
1844,1845,2023 Core Hydration Classic,USA,AAfinal,VT,,13.85,335,AMELIA DISIDORE,0.0015567765567765
1845,1846,2023 U.S. Championships,USA,qual,BB,,13.3,335,AMELIA DISIDORE,0.0021062271062271
1846,1847,2023 U.S. Championships,USA,final,BB,,12.3,335,AMELIA DISIDORE,0.0021062271062271
1847,1848,2023 U.S. Championships,USA,qual,FX,,13.35,335,AMELIA DISIDORE,0.002014652014652
1848,1849,2023 U.S. Championships,USA,final,FX,,13.45,335,AMELIA DISIDORE,0.002014652014652
1849,1850,2023 U.S. Championships,USA,qual,UB,,12.55,335,AMELIA DISIDORE,0.0049450549450549
1850,1851,2023 U.S. Championships,USA,final,UB,,12.75,335,AMELIA DISIDORE,0.0049450549450549
1851,1852,2023 U.S. Championships,USA,qual,VT,,13.85,335,AMELIA DISIDORE,0.0015567765567765
1852,1853,2023 U.S. Championships,USA,final,VT,,14.0,335,AMELIA DISIDORE,0.0015567765567765
1853,1854,2023 Winter Cup,USA,AAfinal,BB,16.0,11.8,516,AMELIA DISIDORE,0.0021062271062271
1854,1855,2023 Winter Cup,USA,AAfinal,FX,4.0,13.2,516,AMELIA DISIDORE,0.002014652014652
1855,1856,2023 Winter Cup,USA,AAfinal,UB,27.0,11.3,516,AMELIA DISIDORE,0.0049450549450549
1856,1857,2023 Winter Cup,USA,AAfinal,VT,,13.85,516,AMELIA DISIDORE,0.0015567765567765
1857,1858,2023 Winter Cup,USA,AAfinal,UB,32.0,9.35,516,GABBY DISIDORE,0.0
1913,1914,2022 Winter Cup,USA,AAfinal,BB,18.0,12.15,881,SKYLAR DRASER,0.0
1914,1915,2022 Winter Cup,USA,AAfinal,FX,21.0,11.65,881,SKYLAR DRASER,0.0
1915,1916,2022 Winter Cup,USA,AAfinal,UB,13.0,12.8,881,SKYLAR DRASER,0.0
1916,1917,2022 Winter Cup,USA,AAfinal,VT,,12.35,881,SKYLAR DRASER,0.0
1917,1918,2023 Winter Cup,USA,AAfinal,BB,29.0,9.65,516,AMARI DRAYTON,0.0
1918,1919,2023 Winter Cup,USA,AAfinal,FX,23.0,11.5,516,AMARI DRAYTON,0.0
1919,1920,2023 Winter Cup,USA,AAfinal,UB,20.0,11.85,516,AMARI DRAYTON,0.0
1920,1921,2023 Winter Cup,USA,AAfinal,VT,,13.2,516,AMARI DRAYTON,0.0
1969,1970,2023 Winter Cup,USA,AAfinal,BB,5.0,12.95,516,JORDIS EICHMAN,0.0
1970,1971,2023 Winter Cup,USA,AAfinal,FX,14.0,12.5,516,JORDIS EICHMAN,0.0
1971,1972,2023 Winter Cup,USA,AAfinal,UB,12.0,12.9,516,JORDIS EICHMAN,0.0
1972,1973,2023 Winter Cup,USA,AAfinal,VT,,13.05,516,JORDIS EICHMAN,0.0
2212,2213,2022 Szombathely World Challenge Cup,USA,qual,BB,9.0,11.966,669,ADDISON FATTA,-0.0021978021978022
2213,2214,2022 Szombathely World Challenge Cup,USA,qual,UB,1.0,13.5,669,ADDISON FATTA,0.0001831501831501
2214,2215,2022 Szombathely World Challenge Cup,USA,final,UB,3.0,13.6,669,ADDISON FATTA,0.0001831501831501
2215,2216,2022 Szombathely World Challenge Cup,USA,final,VT,1.0,13.666,669,ADDISON FATTA,0.0003663003663003
2216,2217,2022 Szombathely World Challenge Cup,USA,qual,VT,4.0,14.033,669,ADDISON FATTA,0.0003663003663003
2217,2218,2022 Szombathely World Challenge Cup,USA,final,VT,1.0,13.066,669,ADDISON FATTA,0.0003663003663003
2218,2219,2022 Szombathely World Challenge Cup,USA,qual,VT,4.0,11.6,669,ADDISON FATTA,0.0003663003663003
2219,2220,2022 U.S. Championships,USA,qual,BB,,12.45,700,ADDISON FATTA,-0.0021978021978022
2220,2221,2022 U.S. Championships,USA,final,BB,,12.15,700,ADDISON FATTA,-0.0021978021978022
2221,2222,2022 U.S. Championships,USA,qual,FX,,12.65,700,ADDISON FATTA,0.0026556776556776
2222,2223,2022 U.S. Championships,USA,final,FX,,13.15,700,ADDISON FATTA,0.0026556776556776
2223,2224,2022 U.S. Championships,USA,qual,UB,,13.55,700,ADDISON FATTA,0.0001831501831501
2224,2225,2022 U.S. Championships,USA,final,UB,,13.3,700,ADDISON FATTA,0.0001831501831501
2225,2226,2022 U.S. Championships,USA,qual,VT,,13.05,700,ADDISON FATTA,0.0003663003663003
2226,2227,2022 U.S. Championships,USA,final,VT,,13.9,700,ADDISON FATTA,0.0003663003663003
2227,2228,2022 U.S. Classic,USA,AAfinal,BB,5.0,12.35,731,ADDISON FATTA,-0.0021978021978022
2228,2229,2022 U.S. Classic,USA,AAfinal,UB,6.0,13.15,731,ADDISON FATTA,0.0001831501831501
2229,2230,2022 Winter Cup,USA,AAfinal,BB,13.0,12.55,881,ADDISON FATTA,-0.0021978021978022
2230,2231,2022 Winter Cup,USA,AAfinal,FX,20.0,11.8,881,ADDISON FATTA,0.0026556776556776
2231,2232,2022 Winter Cup,USA,AAfinal,UB,6.0,13.2,881,ADDISON FATTA,0.0001831501831501
2232,2233,2022 Winter Cup,USA,AAfinal,VT,,13.7,881,ADDISON FATTA,0.0003663003663003
2233,2234,2023 Core Hydration Classic,USA,AAfinal,BB,21.0,12.4,335,ADDISON FATTA,-0.0021978021978022
2234,2235,2023 Core Hydration Classic,USA,AAfinal,VT,,13.85,335,ADDISON FATTA,0.0003663003663003
2235,2236,2023 U.S. Championships,USA,qual,BB,,13.0,335,ADDISON FATTA,-0.0021978021978022
2236,2237,2023 U.S. Championships,USA,final,BB,,11.35,335,ADDISON FATTA,-0.0021978021978022
2237,2238,2023 U.S. Championships,USA,qual,FX,,12.2,335,ADDISON FATTA,0.0026556776556776
2238,2239,2023 U.S. Championships,USA,final,FX,,13.25,335,ADDISON FATTA,0.0026556776556776
2239,2240,2023 U.S. Championships,USA,qual,UB,,13.35,335,ADDISON FATTA,0.0001831501831501
2240,2241,2023 U.S. Championships,USA,final,UB,,13.3,335,ADDISON FATTA,0.0001831501831501
2241,2242,2023 U.S. Championships,USA,qual,VT,,13.85,335,ADDISON FATTA,0.0003663003663003
2242,2243,2023 U.S. Championships,USA,final,VT,,13.9,335,ADDISON FATTA,0.0003663003663003
2243,2244,2023 Winter Cup,USA,AAfinal,BB,24.0,10.8,516,ADDISON FATTA,-0.0021978021978022
2244,2245,2023 Winter Cup,USA,AAfinal,FX,7.0,13.1,516,ADDISON FATTA,0.0026556776556776
2245,2246,2023 Winter Cup,USA,AAfinal,UB,10.0,12.95,516,ADDISON FATTA,0.0001831501831501
2246,2247,2023 Winter Cup,USA,AAfinal,VT,,13.9,516,ADDISON FATTA,0.0003663003663003
2247,2248,2023 Artistic Gymnastics Senior Pan American Championships,USA,TeamQual,FX,,12.167,427,ADDISON FATTA,0.0026556776556776
2248,2249,2023 Artistic Gymnastics Senior Pan American Championships,USA,TeamFinal,UB,,13.7,427,ADDISON FATTA,0.0001831501831501
2249,2250,2023 Artistic Gymnastics Senior Pan American Championships,USA,TeamQual,UB,,13.667,427,ADDISON FATTA,0.0001831501831501
2250,2251,2023 Artistic Gymnastics Senior Pan American Championships,USA,TeamFinal,VT,,13.5,427,ADDISON FATTA,0.0003663003663003
2251,2252,2023 Artistic Gymnastics Senior Pan American Championships,USA,TeamQual,VT,,13.5,427,ADDISON FATTA,0.0003663003663003
2360,2361,2022 Winter Cup,USA,AAfinal,BB,2.0,13.7,881,EMJAE FRAZIER,0.0
2361,2362,2022 Winter Cup,USA,AAfinal,FX,1.0,13.5,881,EMJAE FRAZIER,0.0
2362,2363,2022 Winter Cup,USA,AAfinal,UB,18.0,12.2,881,EMJAE FRAZIER,0.0
2363,2364,2022 Winter Cup,USA,AAfinal,VT,,13.75,881,EMJAE FRAZIER,0.0
2625,2626,2022 Winter Cup,USA,AAfinal,BB,12.0,12.65,881,KARIS GERMAN,0.0
2626,2627,2022 Winter Cup,USA,AAfinal,FX,3.0,13.15,881,KARIS GERMAN,0.0
2627,2628,2022 Winter Cup,USA,AAfinal,UB,11.0,12.9,881,KARIS GERMAN,0.0
2628,2629,2022 Winter Cup,USA,AAfinal,VT,,13.35,881,KARIS GERMAN,0.0
2777,2778,2022 U.S. Championships,USA,qual,UB,,13.6,700,OLIVIA GREAVES,0.0
2778,2779,2022 U.S. Championships,USA,final,UB,,13.45,700,OLIVIA GREAVES,0.0
3293,3294,2023 Core Hydration Classic,USA,AAfinal,BB,25.0,11.0,335,MADRAY JOHNSON,0.0029021739130434
3294,3295,2023 Core Hydration Classic,USA,AAfinal,VT,,12.65,335,MADRAY JOHNSON,0.0
3295,3296,2023 U.S. Championships,USA,qual,BB,,13.5,335,MADRAY JOHNSON,0.0029021739130434
3296,3297,2023 U.S. Championships,USA,final,BB,,12.8,335,MADRAY JOHNSON,0.0029021739130434
3297,3298,2023 U.S. Championships,USA,qual,FX,,12.9,335,MADRAY JOHNSON,0.0
3298,3299,2023 U.S. Championships,USA,final,FX,,12.6,335,MADRAY JOHNSON,0.0
3299,3300,2023 U.S. Championships,USA,qual,UB,,12.9,335,MADRAY JOHNSON,-0.0038043478260869
3300,3301,2023 U.S. Championships,USA,final,UB,,12.95,335,MADRAY JOHNSON,-0.0038043478260869
3301,3302,2023 U.S. Championships,USA,qual,VT,,13.55,335,MADRAY JOHNSON,0.0
3302,3303,2023 U.S. Championships,USA,final,VT,,13.05,335,MADRAY JOHNSON,0.0
3303,3304,2023 Artistic Gymnastics Senior Pan American Championships,USA,TeamFinal,BB,,12.533,427,MADRAY JOHNSON,0.0029021739130434
3304,3305,2023 Artistic Gymnastics Senior Pan American Championships,USA,TeamQual,BB,,12.833,427,MADRAY JOHNSON,0.0029021739130434
3305,3306,2023 Artistic Gymnastics Senior Pan American Championships,USA,TeamFinal,UB,,13.3,427,MADRAY JOHNSON,-0.0038043478260869
3306,3307,2023 Artistic Gymnastics Senior Pan American Championships,USA,TeamQual,UB,,13.133,427,MADRAY JOHNSON,-0.0038043478260869
3307,3308,2022 51st FIG Artistic Gymnastics World Championships,USA,AAfinal,BB,5.0,13.1,639,SHILESE JONES,0.0049180327868852
3308,3309,2022 51st FIG Artistic Gymnastics World Championships,USA,qual,BB,10.0,13.2,639,SHILESE JONES,0.0049180327868852
3309,3310,2022 51st FIG Artistic Gymnastics World Championships,USA,AAfinal,FX,8.0,13.7,639,SHILESE JONES,-0.0001967213114754
3310,3311,2022 51st FIG Artistic Gymnastics World Championships,USA,qual,FX,6.0,13.8,639,SHILESE JONES,-0.0001967213114754
3311,3312,2022 51st FIG Artistic Gymnastics World Championships,USA,TeamFinal,FX,,13.733,639,SHILESE JONES,-0.0001967213114754
3312,3313,2022 51st FIG Artistic Gymnastics World Championships,USA,AAfinal,UB,1.0,14.366,639,SHILESE JONES,0.000311475409836
3313,3314,2022 51st FIG Artistic Gymnastics World Championships,USA,final,UB,2.0,14.766,639,SHILESE JONES,0.000311475409836
3314,3315,2022 51st FIG Artistic Gymnastics World Championships,USA,qual,UB,5.0,14.566,639,SHILESE JONES,0.000311475409836
3315,3316,2022 51st FIG Artistic Gymnastics World Championships,USA,TeamFinal,UB,,14.333,639,SHILESE JONES,0.000311475409836
3316,3317,2022 51st FIG Artistic Gymnastics World Championships,USA,AAfinal,VT,3.0,14.233,639,SHILESE JONES,-0.0003138173302107
3317,3318,2022 51st FIG Artistic Gymnastics World Championships,USA,TeamFinal,VT,,13.933,639,SHILESE JONES,-0.0003138173302107
3318,3319,2022 51st FIG Artistic Gymnastics World Championships,USA,qual,VT,12.0,14.2,639,SHILESE JONES,-0.0003138173302107
3319,3320,2022 Paris World Challenge Cup,USA,qual,BB,1.0,13.45,669,SHILESE JONES,0.0049180327868852
3320,3321,2022 Paris World Challenge Cup,USA,final,BB,5.0,13.4,669,SHILESE JONES,0.0049180327868852
3321,3322,2022 Paris World Challenge Cup,USA,final,FX,2.0,13.5,669,SHILESE JONES,-0.0001967213114754
3322,3323,2022 Paris World Challenge Cup,USA,qual,FX,8.0,12.55,669,SHILESE JONES,-0.0001967213114754
3323,3324,2022 Paris World Challenge Cup,USA,qual,UB,7.0,13.2,669,SHILESE JONES,0.000311475409836
3324,3325,2022 Paris World Challenge Cup,USA,final,UB,1.0,14.7,669,SHILESE JONES,0.000311475409836
3325,3326,2022 U.S. Championships,USA,qual,BB,,13.7,700,SHILESE JONES,0.0049180327868852
3326,3327,2022 U.S. Championships,USA,final,BB,,12.45,700,SHILESE JONES,0.0049180327868852
3327,3328,2022 U.S. Championships,USA,qual,FX,,14.1,700,SHILESE JONES,-0.0001967213114754
3328,3329,2022 U.S. Championships,USA,final,FX,,14.25,700,SHILESE JONES,-0.0001967213114754
3329,3330,2022 U.S. Championships,USA,qual,UB,,14.85,700,SHILESE JONES,0.000311475409836
3330,3331,2022 U.S. Championships,USA,final,UB,,13.6,700,SHILESE JONES,0.000311475409836
3331,3332,2022 U.S. Championships,USA,qual,VT,,14.55,700,SHILESE JONES,-0.0003138173302107
3332,3333,2022 U.S. Championships,USA,final,VT,,14.5,700,SHILESE JONES,-0.0003138173302107
3333,3334,2022 U.S. Classic,USA,AAfinal,BB,11.0,11.5,731,SHILESE JONES,0.0049180327868852
3334,3335,2022 U.S. Classic,USA,AAfinal,FX,2.0,13.65,731,SHILESE JONES,-0.0001967213114754
3335,3336,2022 U.S. Classic,USA,AAfinal,UB,1.0,14.5,731,SHILESE JONES,0.000311475409836
3336,3337,2022 U.S. Classic,USA,AAfinal,VT,,14.4,731,SHILESE JONES,-0.0003138173302107
3337,3338,2023 52nd FIG Artistic Gymnastics World Championships,USA,AAfinal,BB,2.0,14.066,304,SHILESE JONES,0.0049180327868852
3338,3339,2023 52nd FIG Artistic Gymnastics World Championships,USA,final,BB,7.0,12.933,304,SHILESE JONES,0.0049180327868852
3339,3340,2023 52nd FIG Artistic Gymnastics World Championships,USA,qual,BB,6.0,14.033,304,SHILESE JONES,0.0049180327868852
3340,3341,2023 52nd FIG Artistic Gymnastics World Championships,USA,TeamFinal,BB,,13.6,304,SHILESE JONES,0.0049180327868852
3341,3342,2023 52nd FIG Artistic Gymnastics World Championships,USA,AAfinal,FX,5.0,13.4,304,SHILESE JONES,-0.0001967213114754
3342,3343,2023 52nd FIG Artistic Gymnastics World Championships,USA,final,FX,5.0,13.666,304,SHILESE JONES,-0.0001967213114754
3343,3344,2023 52nd FIG Artistic Gymnastics World Championships,USA,qual,FX,5.0,13.8,304,SHILESE JONES,-0.0001967213114754
3344,3345,2023 52nd FIG Artistic Gymnastics World Championships,USA,TeamFinal,FX,,13.566,304,SHILESE JONES,-0.0001967213114754
3345,3346,2023 52nd FIG Artistic Gymnastics World Championships,USA,AAfinal,UB,4.0,14.633,304,SHILESE JONES,0.000311475409836
3346,3347,2023 52nd FIG Artistic Gymnastics World Championships,USA,final,UB,3.0,14.766,304,SHILESE JONES,0.000311475409836
3347,3348,2023 52nd FIG Artistic Gymnastics World Championships,USA,qual,UB,2.0,14.833,304,SHILESE JONES,0.000311475409836
3348,3349,2023 52nd FIG Artistic Gymnastics World Championships,USA,TeamFinal,UB,,14.633,304,SHILESE JONES,0.000311475409836
3349,3350,2023 52nd FIG Artistic Gymnastics World Championships,USA,AAfinal,VT,3.0,14.233,304,SHILESE JONES,-0.0003138173302107
3350,3351,2023 52nd FIG Artistic Gymnastics World Championships,USA,TeamFinal,VT,,14.1,304,SHILESE JONES,-0.0003138173302107
3351,3352,2023 52nd FIG Artistic Gymnastics World Championships,USA,qual,VT,10.0,14.266,304,SHILESE JONES,-0.0003138173302107
3352,3353,2023 U.S. Championships,USA,qual,BB,,13.45,335,SHILESE JONES,0.0049180327868852
3353,3354,2023 U.S. Championships,USA,final,BB,,14.3,335,SHILESE JONES,0.0049180327868852
3354,3355,2023 U.S. Championships,USA,qual,FX,,14.05,335,SHILESE JONES,-0.0001967213114754
3355,3356,2023 U.S. Championships,USA,final,FX,,14.1,335,SHILESE JONES,-0.0001967213114754
3356,3357,2023 U.S. Championships,USA,qual,UB,,14.9,335,SHILESE JONES,0.000311475409836
3357,3358,2023 U.S. Championships,USA,final,UB,,15.0,335,SHILESE JONES,0.000311475409836
3358,3359,2023 U.S. Championships,USA,qual,VT,,14.35,335,SHILESE JONES,-0.0003138173302107
3359,3360,2023 U.S. Championships,USA,final,VT,,14.4,335,SHILESE JONES,-0.0003138173302107
3360,3361,2022 Szombathely World Challenge Cup,USA,qual,FX,2.0,13.466,669,KATELYN JONG,0.0008241758241758
3361,3362,2022 Szombathely World Challenge Cup,USA,final,FX,1.0,13.5,669,KATELYN JONG,0.0008241758241758
3362,3363,2022 Szombathely World Challenge Cup,USA,qual,UB,2.0,13.366,669,KATELYN JONG,0.0014546952224052
3363,3364,2022 Szombathely World Challenge Cup,USA,final,UB,5.0,13.133,669,KATELYN JONG,0.0014546952224052
3364,3365,2022 U.S. Championships,USA,qual,BB,,13.2,700,KATELYN JONG,-0.0010989010989011
3365,3366,2022 U.S. Championships,USA,final,BB,,13.35,700,KATELYN JONG,-0.0010989010989011
3366,3367,2022 U.S. Championships,USA,qual,FX,,13.1,700,KATELYN JONG,0.0008241758241758
3367,3368,2022 U.S. Championships,USA,final,FX,,13.0,700,KATELYN JONG,0.0008241758241758
3368,3369,2022 U.S. Championships,USA,qual,UB,,12.2,700,KATELYN JONG,0.0014546952224052
3369,3370,2022 U.S. Championships,USA,final,UB,,12.7,700,KATELYN JONG,0.0014546952224052
3370,3371,2022 U.S. Championships,USA,qual,VT,,13.95,700,KATELYN JONG,0.0
3371,3372,2022 U.S. Championships,USA,final,VT,,13.85,700,KATELYN JONG,0.0
3372,3373,2022 Winter Cup,USA,AAfinal,BB,7.0,13.05,881,KATELYN JONG,-0.0010989010989011
3373,3374,2022 Winter Cup,USA,AAfinal,FX,5.0,13.05,881,KATELYN JONG,0.0008241758241758
3374,3375,2022 Winter Cup,USA,AAfinal,UB,14.0,12.75,881,KATELYN JONG,0.0014546952224052
3375,3376,2022 Winter Cup,USA,AAfinal,VT,,13.8,881,KATELYN JONG,0.0
3376,3377,2023 Core Hydration Classic,USA,AAfinal,BB,10.0,12.95,335,KATELYN JONG,-0.0010989010989011
3377,3378,2023 Core Hydration Classic,USA,AAfinal,FX,8.0,13.05,335,KATELYN JONG,0.0008241758241758
3378,3379,2023 Core Hydration Classic,USA,AAfinal,UB,6.0,13.75,335,KATELYN JONG,0.0014546952224052
3379,3380,2023 Core Hydration Classic,USA,AAfinal,VT,,13.7,335,KATELYN JONG,0.0
3380,3381,2023 U.S. Championships,USA,qual,BB,,11.85,335,KATELYN JONG,-0.0010989010989011
3381,3382,2023 U.S. Championships,USA,final,BB,,12.45,335,KATELYN JONG,-0.0010989010989011
3382,3383,2023 U.S. Championships,USA,qual,FX,,13.15,335,KATELYN JONG,0.0008241758241758
3383,3384,2023 U.S. Championships,USA,final,FX,,13.5,335,KATELYN JONG,0.0008241758241758
3384,3385,2023 U.S. Championships,USA,qual,UB,,14.05,335,KATELYN JONG,0.0014546952224052
3385,3386,2023 U.S. Championships,USA,final,UB,,13.5,335,KATELYN JONG,0.0014546952224052
3386,3387,2023 U.S. Championships,USA,qual,VT,,13.85,335,KATELYN JONG,0.0
3387,3388,2023 U.S. Championships,USA,final,VT,,13.8,335,KATELYN JONG,0.0
3388,3389,2023 Winter Cup,USA,AAfinal,BB,26.0,10.5,516,KATELYN JONG,-0.0010989010989011
3389,3390,2023 Winter Cup,USA,AAfinal,FX,11.0,12.7,516,KATELYN JONG,0.0008241758241758
3390,3391,2023 Winter Cup,USA,AAfinal,UB,17.0,12.2,516,KATELYN JONG,0.0014546952224052
3391,3392,2023 Winter Cup,USA,AAfinal,VT,,13.5,516,KATELYN JONG,0.0
3392,3393,SANTIAGO 2023 XIX Pan American Games,USA,qual,UB,6.0,13.633,274,KATELYN JONG,0.0014546952224052
3432,3433,2022 Szombathely World Challenge Cup,USA,qual,BB,10.0,11.866,669,LEVI JUNG-RUIVIVAR,-0.0004578754578754
3433,3434,2022 Szombathely World Challenge Cup,USA,final,FX,6.0,12.666,669,LEVI JUNG-RUIVIVAR,-0.0022893772893772
3434,3435,2022 Szombathely World Challenge Cup,USA,qual,FX,3.0,13.2,669,LEVI JUNG-RUIVIVAR,-0.0022893772893772
3435,3436,2022 U.S. Championships,USA,qual,BB,,13.15,700,LEVI JUNG-RUIVIVAR,-0.0004578754578754
3436,3437,2022 U.S. Championships,USA,final,BB,,13.1,700,LEVI JUNG-RUIVIVAR,-0.0004578754578754
3437,3438,2022 U.S. Championships,USA,qual,FX,,12.75,700,LEVI JUNG-RUIVIVAR,-0.0022893772893772
3438,3439,2022 U.S. Championships,USA,final,FX,,12.2,700,LEVI JUNG-RUIVIVAR,-0.0022893772893772
3439,3440,2022 U.S. Championships,USA,qual,UB,,12.05,700,LEVI JUNG-RUIVIVAR,0.0001831501831501
3440,3441,2022 U.S. Championships,USA,final,UB,,13.15,700,LEVI JUNG-RUIVIVAR,0.0001831501831501
3441,3442,2022 U.S. Championships,USA,qual,VT,,13.1,700,LEVI JUNG-RUIVIVAR,-0.0002747252747252
3442,3443,2022 U.S. Championships,USA,final,VT,,13.15,700,LEVI JUNG-RUIVIVAR,-0.0002747252747252
3443,3444,2022 U.S. Classic,USA,AAfinal,BB,10.0,11.6,731,LEVI JUNG-RUIVIVAR,-0.0004578754578754
3444,3445,2022 U.S. Classic,USA,AAfinal,UB,7.0,12.9,731,LEVI JUNG-RUIVIVAR,0.0001831501831501
3445,3446,2022 Winter Cup,USA,AAfinal,BB,10.0,12.7,881,LEVI JUNG-RUIVIVAR,-0.0004578754578754
3446,3447,2022 Winter Cup,USA,AAfinal,FX,14.0,12.5,881,LEVI JUNG-RUIVIVAR,-0.0022893772893772
3447,3448,2022 Winter Cup,USA,AAfinal,UB,5.0,13.25,881,LEVI JUNG-RUIVIVAR,0.0001831501831501
3448,3449,2022 Winter Cup,USA,AAfinal,VT,,13.45,881,LEVI JUNG-RUIVIVAR,-0.0002747252747252
3449,3450,2023 Core Hydration Classic,USA,AAfinal,BB,32.0,10.35,335,LEVI JUNG-RUIVIVAR,-0.0004578754578754
3450,3451,2023 Core Hydration Classic,USA,AAfinal,UB,16.0,12.9,335,LEVI JUNG-RUIVIVAR,0.0001831501831501
3451,3452,2023 U.S. Championships,USA,qual,BB,,12.3,335,LEVI JUNG-RUIVIVAR,-0.0004578754578754
3452,3453,2023 U.S. Championships,USA,final,BB,,12.45,335,LEVI JUNG-RUIVIVAR,-0.0004578754578754
3453,3454,2023 U.S. Championships,USA,qual,FX,,10.55,335,LEVI JUNG-RUIVIVAR,-0.0022893772893772
3454,3455,2023 U.S. Championships,USA,final,FX,,11.25,335,LEVI JUNG-RUIVIVAR,-0.0022893772893772
3455,3456,2023 U.S. Championships,USA,qual,UB,,12.0,335,LEVI JUNG-RUIVIVAR,0.0001831501831501
3456,3457,2023 U.S. Championships,USA,final,UB,,13.35,335,LEVI JUNG-RUIVIVAR,0.0001831501831501
3457,3458,2023 U.S. Championships,USA,qual,VT,,13.4,335,LEVI JUNG-RUIVIVAR,-0.0002747252747252
3458,3459,2023 U.S. Championships,USA,final,VT,,13.3,335,LEVI JUNG-RUIVIVAR,-0.0002747252747252
3459,3460,2023 Winter Cup,USA,AAfinal,BB,23.0,10.85,516,LEVI JUNG-RUIVIVAR,-0.0004578754578754
3460,3461,2023 Winter Cup,USA,AAfinal,FX,19.0,12.0,516,LEVI JUNG-RUIVIVAR,-0.0022893772893772
3461,3462,2023 Winter Cup,USA,AAfinal,UB,21.0,11.65,516,LEVI JUNG-RUIVIVAR,0.0001831501831501
3462,3463,2023 Winter Cup,USA,AAfinal,VT,,13.5,516,LEVI JUNG-RUIVIVAR,-0.0002747252747252
3717,3718,2023 Core Hydration Classic,USA,AAfinal,BB,24.0,11.55,335,AVERY KING,0.0
3718,3719,2023 Core Hydration Classic,USA,AAfinal,FX,15.0,12.45,335,AVERY KING,0.0
3719,3720,2023 Core Hydration Classic,USA,AAfinal,UB,28.0,11.45,335,AVERY KING,0.0
3720,3721,2023 Core Hydration Classic,USA,AAfinal,VT,,12.55,335,AVERY KING,0.0
4278,4279,2023 Core Hydration Classic,USA,AAfinal,BB,2.0,14.5,335,SUNISA LEE,0.0
4279,4280,2023 Core Hydration Classic,USA,AAfinal,VT,,13.5,335,SUNISA LEE,0.0
4280,4281,2023 U.S. Championships,USA,qual,BB,,13.65,335,SUNISA LEE,0.0
4281,4282,2023 U.S. Championships,USA,final,BB,,14.2,335,SUNISA LEE,0.0
4282,4283,2023 U.S. Championships,USA,qual,VT,,13.35,335,SUNISA LEE,0.0
4283,4284,2023 U.S. Championships,USA,final,VT,,13.4,335,SUNISA LEE,0.0
4330,4331,2023 U.S. Championships,USA,qual,BB,,13.05,335,MYLI LEW,0.0
4331,4332,2023 U.S. Championships,USA,final,BB,,12.25,335,MYLI LEW,0.0
4332,4333,2023 U.S. Championships,USA,qual,FX,,12.1,335,MYLI LEW,0.0
4333,4334,2023 U.S. Championships,USA,final,FX,,11.85,335,MYLI LEW,0.0
4334,4335,2023 U.S. Championships,USA,qual,UB,,13.9,335,MYLI LEW,-0.0069060773480662
4335,4336,2023 U.S. Championships,USA,final,UB,,12.4,335,MYLI LEW,-0.0069060773480662
4336,4337,2023 U.S. Championships,USA,qual,VT,,13.15,335,MYLI LEW,0.0013812154696132
4337,4338,2023 U.S. Championships,USA,final,VT,,13.2,335,MYLI LEW,0.0013812154696132
4338,4339,2023 Winter Cup,USA,AAfinal,UB,3.0,13.65,516,MYLI LEW,-0.0069060773480662
4339,4340,2023 Winter Cup,USA,AAfinal,VT,,12.95,516,MYLI LEW,0.0013812154696132
4409,4410,2023 Core Hydration Classic,USA,AAfinal,BB,10.0,12.95,335,KALIYA LINCOLN,0.0092272727272727
4410,4411,2023 Core Hydration Classic,USA,AAfinal,FX,2.0,14.0,335,KALIYA LINCOLN,0.0008264462809917
4411,4412,2023 Core Hydration Classic,USA,AAfinal,VT,,14.15,335,KALIYA LINCOLN,0.0022099447513812
4412,4413,2023 U.S. Championships,USA,qual,BB,,13.25,335,KALIYA LINCOLN,0.0092272727272727
4413,4414,2023 U.S. Championships,USA,final,BB,,12.95,335,KALIYA LINCOLN,0.0092272727272727
4414,4415,2023 U.S. Championships,USA,qual,FX,,14.35,335,KALIYA LINCOLN,0.0008264462809917
4415,4416,2023 U.S. Championships,USA,final,FX,,14.05,335,KALIYA LINCOLN,0.0008264462809917
4416,4417,2023 U.S. Championships,USA,qual,UB,,12.3,335,KALIYA LINCOLN,-0.0168508287292817
4417,4418,2023 U.S. Championships,USA,final,UB,,9.9,335,KALIYA LINCOLN,-0.0168508287292817
4418,4419,2023 U.S. Championships,USA,qual,VT,,14.1,335,KALIYA LINCOLN,0.0022099447513812
4419,4420,2023 U.S. Championships,USA,final,VT,,13.9,335,KALIYA LINCOLN,0.0022099447513812
4420,4421,2023 Winter Cup,USA,AAfinal,BB,22.0,11.0,516,KALIYA LINCOLN,0.0092272727272727
4421,4422,2023 Winter Cup,USA,AAfinal,FX,1.0,13.6,516,KALIYA LINCOLN,0.0008264462809917
4422,4423,2023 Winter Cup,USA,AAfinal,UB,10.0,12.95,516,KALIYA LINCOLN,-0.0168508287292817
4423,4424,2023 Winter Cup,USA,AAfinal,VT,,13.5,516,KALIYA LINCOLN,0.0022099447513812
4424,4425,SANTIAGO 2023 XIX Pan American Games,USA,final,BB,6.0,13.166,274,KALIYA LINCOLN,0.0092272727272727
4425,4426,SANTIAGO 2023 XIX Pan American Games,USA,qual,BB,4.0,13.233,274,KALIYA LINCOLN,0.0092272727272727
4426,4427,SANTIAGO 2023 XIX Pan American Games,USA,final,FX,1.0,14.233,274,KALIYA LINCOLN,0.0008264462809917
4427,4428,SANTIAGO 2023 XIX Pan American Games,USA,qual,FX,1.0,13.8,274,KALIYA LINCOLN,0.0008264462809917
4439,4440,2022 U.S. Classic,USA,AAfinal,BB,7.0,12.15,731,LAUREN LITTLE,-0.0016666666666666
4440,4441,2022 U.S. Classic,USA,AAfinal,FX,10.0,11.4,731,LAUREN LITTLE,0.0
4441,4442,2022 U.S. Classic,USA,AAfinal,UB,5.0,13.2,731,LAUREN LITTLE,-0.0016666666666666
4442,4443,2022 U.S. Classic,USA,AAfinal,VT,,12.8,731,LAUREN LITTLE,-0.0003333333333333
4443,4444,2022 Winter Cup,USA,AAfinal,BB,14.0,12.4,881,LAUREN LITTLE,-0.0016666666666666
4444,4445,2022 Winter Cup,USA,AAfinal,UB,3.0,13.45,881,LAUREN LITTLE,-0.0016666666666666
4445,4446,2022 Winter Cup,USA,AAfinal,VT,,12.85,881,LAUREN LITTLE,-0.0003333333333333
4532,4533,2023 Core Hydration Classic,USA,AAfinal,BB,19.0,12.45,335,EVEYLYNN LOWE,0.004696132596685
4533,4534,2023 Core Hydration Classic,USA,AAfinal,FX,14.0,12.55,335,EVEYLYNN LOWE,0.0008287292817679
4534,4535,2023 Core Hydration Classic,USA,AAfinal,UB,19.0,12.75,335,EVEYLYNN LOWE,0.0096685082872928
4535,4536,2023 Core Hydration Classic,USA,AAfinal,VT,,13.6,335,EVEYLYNN LOWE,0.0038674033149171
4536,4537,2023 U.S. Championships,USA,qual,BB,,12.35,335,EVEYLYNN LOWE,0.004696132596685
4537,4538,2023 U.S. Championships,USA,final,BB,,12.8,335,EVEYLYNN LOWE,0.004696132596685
4538,4539,2023 U.S. Championships,USA,qual,FX,,12.7,335,EVEYLYNN LOWE,0.0008287292817679
4539,4540,2023 U.S. Championships,USA,final,FX,,13.05,335,EVEYLYNN LOWE,0.0008287292817679
4540,4541,2023 U.S. Championships,USA,qual,UB,,12.9,335,EVEYLYNN LOWE,0.0096685082872928
4541,4542,2023 U.S. Championships,USA,final,UB,,13.15,335,EVEYLYNN LOWE,0.0096685082872928
4542,4543,2023 U.S. Championships,USA,qual,VT,,13.75,335,EVEYLYNN LOWE,0.0038674033149171
4543,4544,2023 U.S. Championships,USA,final,VT,,13.8,335,EVEYLYNN LOWE,0.0038674033149171
4544,4545,2023 Winter Cup,USA,AAfinal,BB,13.0,11.95,516,EVEYLYNN LOWE,0.004696132596685
4545,4546,2023 Winter Cup,USA,AAfinal,FX,9.0,12.9,516,EVEYLYNN LOWE,0.0008287292817679
4546,4547,2023 Winter Cup,USA,AAfinal,UB,25.0,11.4,516,EVEYLYNN LOWE,0.0096685082872928
4547,4548,2023 Winter Cup,USA,AAfinal,VT,,13.1,516,EVEYLYNN LOWE,0.0038674033149171
4876,4877,2022 U.S. Championships,USA,qual,BB,,11.95,700,NOLA MATTHEWS,-0.0010989010989011
4877,4878,2022 U.S. Championships,USA,final,BB,,12.5,700,NOLA MATTHEWS,-0.0010989010989011
4878,4879,2022 U.S. Championships,USA,qual,FX,,12.35,700,NOLA MATTHEWS,0.0007326007326007
4879,4880,2022 U.S. Championships,USA,final,FX,,12.2,700,NOLA MATTHEWS,0.0007326007326007
4880,4881,2022 U.S. Championships,USA,qual,UB,,13.75,700,NOLA MATTHEWS,0.0001831501831501
4881,4882,2022 U.S. Championships,USA,final,UB,,14.05,700,NOLA MATTHEWS,0.0001831501831501
4882,4883,2022 U.S. Championships,USA,qual,VT,,13.1,700,NOLA MATTHEWS,0.0006410256410256
4883,4884,2022 U.S. Championships,USA,final,VT,,12.95,700,NOLA MATTHEWS,0.0006410256410256
4884,4885,2022 U.S. Classic,USA,AAfinal,BB,4.0,12.5,731,NOLA MATTHEWS,-0.0010989010989011
4885,4886,2022 U.S. Classic,USA,AAfinal,FX,8.0,11.7,731,NOLA MATTHEWS,0.0007326007326007
4886,4887,2022 U.S. Classic,USA,AAfinal,UB,2.0,13.9,731,NOLA MATTHEWS,0.0001831501831501
4887,4888,2022 U.S. Classic,USA,AAfinal,VT,,13.0,731,NOLA MATTHEWS,0.0006410256410256
4888,4889,2022 Winter Cup,USA,AAfinal,BB,7.0,13.05,881,NOLA MATTHEWS,-0.0010989010989011
4889,4890,2022 Winter Cup,USA,AAfinal,FX,9.0,12.8,881,NOLA MATTHEWS,0.0007326007326007
4890,4891,2022 Winter Cup,USA,AAfinal,UB,1.0,13.95,881,NOLA MATTHEWS,0.0001831501831501
4891,4892,2022 Winter Cup,USA,AAfinal,VT,,12.85,881,NOLA MATTHEWS,0.0006410256410256
4892,4893,2023 Core Hydration Classic,USA,AAfinal,BB,6.0,13.3,335,NOLA MATTHEWS,-0.0010989010989011
4893,4894,2023 Core Hydration Classic,USA,AAfinal,FX,5.0,13.3,335,NOLA MATTHEWS,0.0007326007326007
4894,4895,2023 Core Hydration Classic,USA,AAfinal,UB,4.0,13.9,335,NOLA MATTHEWS,0.0001831501831501
4895,4896,2023 Core Hydration Classic,USA,AAfinal,VT,,13.05,335,NOLA MATTHEWS,0.0006410256410256
4896,4897,2023 U.S. Championships,USA,qual,BB,,13.0,335,NOLA MATTHEWS,-0.0010989010989011
4897,4898,2023 U.S. Championships,USA,final,BB,,12.45,335,NOLA MATTHEWS,-0.0010989010989011
4898,4899,2023 U.S. Championships,USA,qual,FX,,13.4,335,NOLA MATTHEWS,0.0007326007326007
4899,4900,2023 U.S. Championships,USA,final,FX,,13.2,335,NOLA MATTHEWS,0.0007326007326007
4900,4901,2023 U.S. Championships,USA,qual,UB,,12.4,335,NOLA MATTHEWS,0.0001831501831501
4901,4902,2023 U.S. Championships,USA,final,UB,,14.05,335,NOLA MATTHEWS,0.0001831501831501
4902,4903,2023 U.S. Championships,USA,qual,VT,,13.15,335,NOLA MATTHEWS,0.0006410256410256
4903,4904,2023 U.S. Championships,USA,final,VT,,13.2,335,NOLA MATTHEWS,0.0006410256410256
4904,4905,2023 Winter Cup,USA,AAfinal,BB,6.0,12.7,516,NOLA MATTHEWS,-0.0010989010989011
4905,4906,2023 Winter Cup,USA,AAfinal,FX,4.0,13.2,516,NOLA MATTHEWS,0.0007326007326007
4906,4907,2023 Winter Cup,USA,AAfinal,UB,5.0,13.45,516,NOLA MATTHEWS,0.0001831501831501
4907,4908,2023 Winter Cup,USA,AAfinal,VT,,13.25,516,NOLA MATTHEWS,0.0006410256410256
4908,4909,EnBW DTB Pokal Team Challenge 2023,USA,qual,BB,4.0,13.2,488,NOLA MATTHEWS,-0.0010989010989011
4909,4910,EnBW DTB Pokal Team Challenge 2023,USA,qual,FX,5.0,12.9,488,NOLA MATTHEWS,0.0007326007326007
4910,4911,EnBW DTB Pokal Team Challenge 2023,USA,qual,UB,7.0,13.65,488,NOLA MATTHEWS,0.0001831501831501
4911,4912,EnBW DTB Pokal Team Challenge 2023,USA,qual,VT,15.0,13.1,488,NOLA MATTHEWS,0.0006410256410256
4912,4913,2023 Artistic Gymnastics Senior Pan American Championships,USA,TeamQual,BB,,12.7,427,NOLA RHIANNE MATTHEWS,0.0
4913,4914,2023 Artistic Gymnastics Senior Pan American Championships,USA,TeamFinal,FX,,13.1,427,NOLA RHIANNE MATTHEWS,0.0
4914,4915,2023 Artistic Gymnastics Senior Pan American Championships,USA,TeamQual,FX,,12.667,427,NOLA RHIANNE MATTHEWS,0.0
4915,4916,2023 Artistic Gymnastics Senior Pan American Championships,USA,TeamFinal,UB,,14.067,427,NOLA RHIANNE MATTHEWS,0.0
4916,4917,2023 Artistic Gymnastics Senior Pan American Championships,USA,TeamQual,UB,,14.0,427,NOLA RHIANNE MATTHEWS,0.0
4917,4918,2023 Artistic Gymnastics Senior Pan American Championships,USA,TeamQual,VT,,12.9,427,NOLA RHIANNE MATTHEWS,0.0
4999,5000,2022 U.S. Championships,USA,qual,BB,,14.8,700,KONNOR MCCLAIN,-0.0027624309392265
5000,5001,2022 U.S. Championships,USA,final,BB,,14.1,700,KONNOR MCCLAIN,-0.0027624309392265
5001,5002,2022 U.S. Championships,USA,qual,FX,,13.9,700,KONNOR MCCLAIN,0.0038674033149171
5002,5003,2022 U.S. Championships,USA,final,FX,,13.85,700,KONNOR MCCLAIN,0.0038674033149171
5003,5004,2022 U.S. Championships,USA,qual,UB,,13.3,700,KONNOR MCCLAIN,0.0088397790055248
5004,5005,2022 U.S. Championships,USA,final,UB,,14.05,700,KONNOR MCCLAIN,0.0088397790055248
5005,5006,2022 U.S. Championships,USA,qual,VT,,14.4,700,KONNOR MCCLAIN,0.0013812154696132
5006,5007,2022 U.S. Championships,USA,final,VT,,14.35,700,KONNOR MCCLAIN,0.0013812154696132
5007,5008,2022 Winter Cup,USA,AAfinal,BB,1.0,14.6,881,KONNOR MCCLAIN,-0.0027624309392265
5008,5009,2022 Winter Cup,USA,AAfinal,FX,3.0,13.15,881,KONNOR MCCLAIN,0.0038674033149171
5009,5010,2022 Winter Cup,USA,AAfinal,UB,17.0,12.45,881,KONNOR MCCLAIN,0.0088397790055248
5010,5011,2022 Winter Cup,USA,AAfinal,VT,,14.1,881,KONNOR MCCLAIN,0.0013812154696132
5148,5149,2022 Winter Cup,USA,AAfinal,BB,23.0,10.95,881,ZOE MILLER,0.0023809523809523
5149,5150,2022 Winter Cup,USA,AAfinal,FX,11.0,12.65,881,ZOE MILLER,-0.0004578754578754
5150,5151,2022 Winter Cup,USA,AAfinal,UB,8.0,13.1,881,ZOE MILLER,0.0027446457990115
5151,5152,2022 Winter Cup,USA,AAfinal,VT,,13.65,881,ZOE MILLER,-0.0004578754578754
5152,5153,2023 Core Hydration Classic,USA,AAfinal,BB,19.0,12.45,335,ZOE MILLER,0.0023809523809523
5153,5154,2023 Core Hydration Classic,USA,AAfinal,FX,20.0,12.15,335,ZOE MILLER,-0.0004578754578754
5154,5155,2023 Core Hydration Classic,USA,AAfinal,UB,1.0,14.75,335,ZOE MILLER,0.0027446457990115
5155,5156,2023 Core Hydration Classic,USA,AAfinal,VT,,13.65,335,ZOE MILLER,-0.0004578754578754
5156,5157,2023 U.S. Championships,USA,qual,BB,,13.05,335,ZOE MILLER,0.0023809523809523
5157,5158,2023 U.S. Championships,USA,final,BB,,12.25,335,ZOE MILLER,0.0023809523809523
5158,5159,2023 U.S. Championships,USA,qual,FX,,11.8,335,ZOE MILLER,-0.0004578754578754
5159,5160,2023 U.S. Championships,USA,final,FX,,12.4,335,ZOE MILLER,-0.0004578754578754
5160,5161,2023 U.S. Championships,USA,qual,UB,,11.0,335,ZOE MILLER,0.0027446457990115
5161,5162,2023 U.S. Championships,USA,final,UB,,14.4,335,ZOE MILLER,0.0027446457990115
5162,5163,2023 U.S. Championships,USA,qual,VT,,13.15,335,ZOE MILLER,-0.0004578754578754
5163,5164,2023 U.S. Championships,USA,final,VT,,13.4,335,ZOE MILLER,-0.0004578754578754
5164,5165,2023 Winter Cup,USA,AAfinal,BB,8.0,12.55,516,ZOE MILLER,0.0023809523809523
5165,5166,2023 Winter Cup,USA,AAfinal,FX,15.0,12.4,516,ZOE MILLER,-0.0004578754578754
5166,5167,2023 Winter Cup,USA,AAfinal,UB,1.0,13.9,516,ZOE MILLER,0.0027446457990115
5167,5168,2023 Winter Cup,USA,AAfinal,VT,,13.65,516,ZOE MILLER,-0.0004578754578754
5168,5169,EnBW DTB Pokal Team Challenge 2023,USA,qual,BB,10.0,12.9,488,ZOE MILLER,0.0023809523809523
5169,5170,EnBW DTB Pokal Team Challenge 2023,USA,qual,FX,38.0,10.85,488,ZOE MILLER,-0.0004578754578754
5170,5171,EnBW DTB Pokal Team Challenge 2023,USA,final,UB,1.0,14.633,488,ZOE MILLER,0.0027446457990115
5171,5172,EnBW DTB Pokal Team Challenge 2023,USA,qual,UB,1.0,14.85,488,ZOE MILLER,0.0027446457990115
5172,5173,EnBW DTB Pokal Team Challenge 2023,USA,qual,VT,4.0,13.9,488,ZOE MILLER,-0.0004578754578754
5173,5174,SANTIAGO 2023 XIX Pan American Games,USA,final,UB,1.0,14.666,274,ZOE MILLER,0.0027446457990115
5174,5175,SANTIAGO 2023 XIX Pan American Games,USA,qual,UB,1.0,14.766,274,ZOE MILLER,0.0027446457990115
5179,5180,2023 Core Hydration Classic,USA,AAfinal,BB,25.0,11.0,335,ANNALISA MILTON,-0.0066298342541436
5180,5181,2023 Core Hydration Classic,USA,AAfinal,FX,24.0,11.1,335,ANNALISA MILTON,-0.0019337016574585
5181,5182,2023 Core Hydration Classic,USA,AAfinal,UB,26.0,11.95,335,ANNALISA MILTON,0.0140883977900552
5182,5183,2023 Core Hydration Classic,USA,AAfinal,VT,,13.6,335,ANNALISA MILTON,0.0033149171270718
5183,5184,2023 Winter Cup,USA,AAfinal,BB,9.0,12.2,516,ANNALISA MILTON,-0.0066298342541436
5184,5185,2023 Winter Cup,USA,AAfinal,FX,24.0,11.45,516,ANNALISA MILTON,-0.0019337016574585
5185,5186,2023 Winter Cup,USA,AAfinal,UB,31.0,9.4,516,ANNALISA MILTON,0.0140883977900552
5186,5187,2023 Winter Cup,USA,AAfinal,VT,,13.0,516,ANNALISA MILTON,0.0033149171270718
5187,5188,2023 Core Hydration Classic,USA,AAfinal,BB,34.0,9.15,335,MALEA MILTON,-0.0116022099447513
5188,5189,2023 Core Hydration Classic,USA,AAfinal,FX,22.0,11.95,335,MALEA MILTON,0.0082872928176795
5189,5190,2023 Core Hydration Classic,USA,AAfinal,UB,21.0,12.6,335,MALEA MILTON,0.0066298342541436
5190,5191,2023 Core Hydration Classic,USA,AAfinal,VT,,13.3,335,MALEA MILTON,0.0016574585635359
5191,5192,2023 Winter Cup,USA,AAfinal,BB,21.0,11.25,516,MALEA MILTON,-0.0116022099447513
5192,5193,2023 Winter Cup,USA,AAfinal,FX,29.0,10.45,516,MALEA MILTON,0.0082872928176795
5193,5194,2023 Winter Cup,USA,AAfinal,UB,25.0,11.4,516,MALEA MILTON,0.0066298342541436
5194,5195,2023 Winter Cup,USA,AAfinal,VT,,13.0,516,MALEA MILTON,0.0016574585635359
5341,5342,2023 Core Hydration Classic,USA,AAfinal,BB,23.0,11.6,335,AVERY MOLL,0.0
5342,5343,2023 Core Hydration Classic,USA,AAfinal,FX,15.0,12.45,335,AVERY MOLL,0.0
5343,5344,2023 Core Hydration Classic,USA,AAfinal,UB,23.0,12.25,335,AVERY MOLL,0.0
5344,5345,2023 Core Hydration Classic,USA,AAfinal,VT,,12.9,335,AVERY MOLL,0.0
5458,5459,2022 Winter Cup,USA,AAfinal,BB,10.0,12.7,881,KAYLEN MORGAN,0.0
5511,5512,2022 U.S. Championships,USA,qual,BB,,13.25,700,ELLE MUELLER,-0.0032967032967032
5512,5513,2022 U.S. Championships,USA,final,BB,,12.3,700,ELLE MUELLER,-0.0032967032967032
5513,5514,2022 U.S. Championships,USA,qual,FX,,12.95,700,ELLE MUELLER,0.0006849315068493
5514,5515,2022 U.S. Championships,USA,final,FX,,13.45,700,ELLE MUELLER,0.0006849315068493
5515,5516,2022 U.S. Championships,USA,qual,UB,,12.75,700,ELLE MUELLER,-0.0002747252747252
5516,5517,2022 U.S. Championships,USA,final,UB,,13.9,700,ELLE MUELLER,-0.0002747252747252
5517,5518,2022 U.S. Championships,USA,qual,VT,,13.85,700,ELLE MUELLER,0.0007326007326007
5518,5519,2022 U.S. Championships,USA,final,VT,,13.5,700,ELLE MUELLER,0.0007326007326007
5519,5520,2022 Winter Cup,USA,AAfinal,BB,15.0,12.35,881,ELLE MUELLER,-0.0032967032967032
5520,5521,2022 Winter Cup,USA,AAfinal,FX,10.0,12.75,881,ELLE MUELLER,0.0006849315068493
5521,5522,2022 Winter Cup,USA,AAfinal,UB,3.0,13.45,881,ELLE MUELLER,-0.0002747252747252
5522,5523,2022 Winter Cup,USA,AAfinal,VT,,13.0,881,ELLE MUELLER,0.0007326007326007
5523,5524,2023 Core Hydration Classic,USA,AAfinal,BB,29.0,10.55,335,ELLE MUELLER,-0.0032967032967032
5524,5525,2023 Core Hydration Classic,USA,AAfinal,UB,11.0,13.3,335,ELLE MUELLER,-0.0002747252747252
5525,5526,2023 Core Hydration Classic,USA,AAfinal,VT,,13.4,335,ELLE MUELLER,0.0007326007326007
5526,5527,2023 Winter Cup,USA,AAfinal,BB,9.0,12.2,516,ELLE MUELLER,-0.0032967032967032
5527,5528,2023 Winter Cup,USA,AAfinal,FX,8.0,13.0,516,ELLE MUELLER,0.0006849315068493
5528,5529,2023 Winter Cup,USA,AAfinal,UB,6.0,13.4,516,ELLE MUELLER,-0.0002747252747252
5529,5530,2023 Winter Cup,USA,AAfinal,VT,,13.65,516,ELLE MUELLER,0.0007326007326007
5530,5531,2023 Core Hydration Classic,USA,AAfinal,BB,28.0,10.8,335,ELLA MURPHY,0.0
5531,5532,2023 Core Hydration Classic,USA,AAfinal,FX,17.0,12.4,335,ELLA MURPHY,0.0
5532,5533,2023 Core Hydration Classic,USA,AAfinal,UB,22.0,12.4,335,ELLA MURPHY,0.0
5533,5534,2023 Core Hydration Classic,USA,AAfinal,VT,,12.9,335,ELLA MURPHY,0.0
5693,5694,2022 U.S. Championships,USA,qual,BB,,13.15,700,MARISSA NEAL,-9.157509157509288e-05
5694,5695,2022 U.S. Championships,USA,final,BB,,13.3,700,MARISSA NEAL,-9.157509157509288e-05
5695,5696,2022 U.S. Championships,USA,qual,FX,,12.35,700,MARISSA NEAL,0.001098901098901
5696,5697,2022 U.S. Championships,USA,final,FX,,12.45,700,MARISSA NEAL,0.001098901098901
5697,5698,2022 U.S. Championships,USA,qual,UB,,12.35,700,MARISSA NEAL,0.0027472527472527
5698,5699,2022 U.S. Championships,USA,final,UB,,10.75,700,MARISSA NEAL,0.0027472527472527
5699,5700,2022 U.S. Championships,USA,qual,VT,,13.65,700,MARISSA NEAL,0.0012820512820512
5700,5701,2022 U.S. Championships,USA,final,VT,,13.8,700,MARISSA NEAL,0.0012820512820512
5701,5702,2022 U.S. Classic,USA,AAfinal,BB,2.0,12.95,731,MARISSA NEAL,-9.157509157509288e-05
5702,5703,2022 U.S. Classic,USA,AAfinal,FX,7.0,12.0,731,MARISSA NEAL,0.001098901098901
5703,5704,2022 U.S. Classic,USA,AAfinal,UB,8.0,12.85,731,MARISSA NEAL,0.0027472527472527
5704,5705,2022 U.S. Classic,USA,AAfinal,VT,,13.85,731,MARISSA NEAL,0.0012820512820512
5705,5706,2022 Winter Cup,USA,AAfinal,BB,9.0,12.9,881,MARISSA NEAL,-9.157509157509288e-05
5706,5707,2022 Winter Cup,USA,AAfinal,FX,15.0,12.4,881,MARISSA NEAL,0.001098901098901
5707,5708,2022 Winter Cup,USA,AAfinal,UB,21.0,10.8,881,MARISSA NEAL,0.0027472527472527
5708,5709,2022 Winter Cup,USA,AAfinal,VT,,13.0,881,MARISSA NEAL,0.0012820512820512
5709,5710,2023 Core Hydration Classic,USA,AAfinal,BB,18.0,12.55,335,MARISSA NEAL,-9.157509157509288e-05
5710,5711,2023 Core Hydration Classic,USA,AAfinal,FX,19.0,12.2,335,MARISSA NEAL,0.001098901098901
5711,5712,2023 Core Hydration Classic,USA,AAfinal,UB,20.0,12.65,335,MARISSA NEAL,0.0027472527472527
5712,5713,2023 Core Hydration Classic,USA,AAfinal,VT,,13.65,335,MARISSA NEAL,0.0012820512820512
5713,5714,2023 U.S. Championships,USA,qual,BB,,13.0,335,MARISSA NEAL,-9.157509157509288e-05
5714,5715,2023 U.S. Championships,USA,final,BB,,12.85,335,MARISSA NEAL,-9.157509157509288e-05
5715,5716,2023 U.S. Championships,USA,qual,FX,,12.9,335,MARISSA NEAL,0.001098901098901
5716,5717,2023 U.S. Championships,USA,final,FX,,13.0,335,MARISSA NEAL,0.001098901098901
5717,5718,2023 U.S. Championships,USA,qual,UB,,12.35,335,MARISSA NEAL,0.0027472527472527
5718,5719,2023 U.S. Championships,USA,final,UB,,12.3,335,MARISSA NEAL,0.0027472527472527
5719,5720,2023 U.S. Championships,USA,qual,VT,,13.6,335,MARISSA NEAL,0.0012820512820512
5720,5721,2023 U.S. Championships,USA,final,VT,,13.7,335,MARISSA NEAL,0.0012820512820512
5721,5722,2023 Winter Cup,USA,AAfinal,BB,18.0,11.6,516,MARISSA NEAL,-9.157509157509288e-05
5722,5723,2023 Winter Cup,USA,AAfinal,FX,27.0,11.35,516,MARISSA NEAL,0.001098901098901
5723,5724,2023 Winter Cup,USA,AAfinal,UB,29.0,10.85,516,MARISSA NEAL,0.0027472527472527
5724,5725,2023 Winter Cup,USA,AAfinal,VT,,13.35,516,MARISSA NEAL,0.0012820512820512
6285,6286,2022 U.S. Championships,USA,qual,BB,,12.05,700,BROOKE PIERSON,-0.0021062271062271
6286,6287,2022 U.S. Championships,USA,final,BB,,11.7,700,BROOKE PIERSON,-0.0021062271062271
6287,6288,2022 U.S. Championships,USA,qual,FX,,11.95,700,BROOKE PIERSON,-0.0012820512820512
6288,6289,2022 U.S. Championships,USA,final,FX,,10.7,700,BROOKE PIERSON,-0.0012820512820512
6289,6290,2022 U.S. Championships,USA,qual,UB,,13.05,700,BROOKE PIERSON,0.0002747252747252
6290,6291,2022 U.S. Championships,USA,final,UB,,13.1,700,BROOKE PIERSON,0.0002747252747252
6291,6292,2022 U.S. Championships,USA,qual,VT,,13.7,700,BROOKE PIERSON,-0.001007326007326
6292,6293,2022 U.S. Championships,USA,final,VT,,13.5,700,BROOKE PIERSON,-0.001007326007326
6293,6294,2022 U.S. Classic,USA,AAfinal,BB,3.0,12.65,731,BROOKE PIERSON,-0.0021062271062271
6294,6295,2022 U.S. Classic,USA,AAfinal,FX,9.0,11.65,731,BROOKE PIERSON,-0.0012820512820512
6295,6296,2022 U.S. Classic,USA,AAfinal,UB,4.0,13.35,731,BROOKE PIERSON,0.0002747252747252
6296,6297,2022 U.S. Classic,USA,AAfinal,VT,,13.8,731,BROOKE PIERSON,-0.001007326007326
6297,6298,2022 Winter Cup,USA,AAfinal,BB,19.0,12.0,881,BROOKE PIERSON,-0.0021062271062271
6298,6299,2022 Winter Cup,USA,AAfinal,FX,17.0,12.3,881,BROOKE PIERSON,-0.0012820512820512
6299,6300,2022 Winter Cup,USA,AAfinal,UB,9.0,13.05,881,BROOKE PIERSON,0.0002747252747252
6300,6301,2022 Winter Cup,USA,AAfinal,VT,,13.55,881,BROOKE PIERSON,-0.001007326007326
6301,6302,2023 Core Hydration Classic,USA,AAfinal,BB,27.0,10.85,335,BROOKE PIERSON,-0.0021062271062271
6302,6303,2023 Core Hydration Classic,USA,AAfinal,FX,23.0,11.6,335,BROOKE PIERSON,-0.0012820512820512
6303,6304,2023 Core Hydration Classic,USA,AAfinal,UB,13.0,13.2,335,BROOKE PIERSON,0.0002747252747252
6304,6305,2023 Core Hydration Classic,USA,AAfinal,VT,,13.0,335,BROOKE PIERSON,-0.001007326007326
6305,6306,2023 Winter Cup,USA,AAfinal,BB,28.0,9.8,516,BROOKE PIERSON,-0.0021062271062271
6306,6307,2023 Winter Cup,USA,AAfinal,FX,18.0,12.05,516,BROOKE PIERSON,-0.0012820512820512
6307,6308,2023 Winter Cup,USA,AAfinal,UB,22.0,11.6,516,BROOKE PIERSON,0.0002747252747252
6308,6309,2023 Winter Cup,USA,AAfinal,VT,,12.9,516,BROOKE PIERSON,-0.001007326007326
6335,6336,2023 Core Hydration Classic,USA,AAfinal,BB,8.0,13.1,335,MICHELLE PINEDA,0.0066298342541436
6336,6337,2023 Core Hydration Classic,USA,AAfinal,FX,12.0,12.65,335,MICHELLE PINEDA,0.0005524861878453
6337,6338,2023 Core Hydration Classic,USA,AAfinal,UB,13.0,13.2,335,MICHELLE PINEDA,0.0074585635359116
6338,6339,2023 Core Hydration Classic,USA,AAfinal,VT,,13.5,335,MICHELLE PINEDA,0.0035911602209944
6339,6340,2023 U.S. Championships,USA,qual,BB,,12.7,335,MICHELLE PINEDA,0.0066298342541436
6340,6341,2023 U.S. Championships,USA,final,BB,,12.85,335,MICHELLE PINEDA,0.0066298342541436
6341,6342,2023 U.S. Championships,USA,qual,FX,,12.4,335,MICHELLE PINEDA,0.0005524861878453
6342,6343,2023 U.S. Championships,USA,final,FX,,12.95,335,MICHELLE PINEDA,0.0005524861878453
6343,6344,2023 U.S. Championships,USA,qual,UB,,12.8,335,MICHELLE PINEDA,0.0074585635359116
6344,6345,2023 U.S. Championships,USA,final,UB,,12.85,335,MICHELLE PINEDA,0.0074585635359116
6345,6346,2023 U.S. Championships,USA,qual,VT,,13.55,335,MICHELLE PINEDA,0.0035911602209944
6346,6347,2023 U.S. Championships,USA,final,VT,,13.7,335,MICHELLE PINEDA,0.0035911602209944
6347,6348,2023 Winter Cup,USA,AAfinal,BB,17.0,11.65,516,MICHELLE PINEDA,0.0066298342541436
6348,6349,2023 Winter Cup,USA,AAfinal,FX,10.0,12.85,516,MICHELLE PINEDA,0.0005524861878453
6349,6350,2023 Winter Cup,USA,AAfinal,UB,23.0,11.5,516,MICHELLE PINEDA,0.0074585635359116
6350,6351,2023 Winter Cup,USA,AAfinal,VT,,13.05,516,MICHELLE PINEDA,0.0035911602209944
6455,6456,2023 Winter Cup,USA,AAfinal,BB,25.0,10.6,516,CHRISTIANE POPOVICH,0.0
6456,6457,2023 Winter Cup,USA,AAfinal,FX,16.0,12.3,516,CHRISTIANE POPOVICH,0.0
6457,6458,2023 Winter Cup,USA,AAfinal,UB,18.0,12.05,516,CHRISTIANE POPOVICH,0.0
6458,6459,2023 Winter Cup,USA,AAfinal,VT,,12.75,516,CHRISTIANE POPOVICH,0.0
6707,6708,2022 Winter Cup,USA,AAfinal,FX,21.0,11.65,881,CAMRYN RICHARDSON,0.0
6708,6709,2022 Winter Cup,USA,AAfinal,VT,,14.25,881,CAMRYN RICHARDSON,0.0
6713,6714,2022 U.S. Championships,USA,qual,BB,,13.25,700,JOSCELYN ROBERSON,-0.0003663003663003
6714,6715,2022 U.S. Championships,USA,final,BB,,11.95,700,JOSCELYN ROBERSON,-0.0003663003663003
6715,6716,2022 U.S. Championships,USA,qual,FX,,12.85,700,JOSCELYN ROBERSON,0.0017036395147313
6716,6717,2022 U.S. Championships,USA,final,FX,,12.95,700,JOSCELYN ROBERSON,0.0017036395147313
6717,6718,2022 U.S. Championships,USA,qual,UB,,10.9,700,JOSCELYN ROBERSON,0.0037545787545787
6718,6719,2022 U.S. Championships,USA,final,UB,,11.2,700,JOSCELYN ROBERSON,0.0037545787545787
6719,6720,2022 U.S. Championships,USA,qual,VT,,13.75,700,JOSCELYN ROBERSON,0.0012703639514731
6720,6721,2022 U.S. Championships,USA,final,VT,,13.8,700,JOSCELYN ROBERSON,0.0012703639514731
6721,6722,2022 U.S. Classic,USA,AAfinal,BB,6.0,12.3,731,JOSCELYN ROBERSON,-0.0003663003663003
6722,6723,2022 U.S. Classic,USA,AAfinal,FX,4.0,12.7,731,JOSCELYN ROBERSON,0.0017036395147313
6723,6724,2022 U.S. Classic,USA,AAfinal,UB,13.0,10.55,731,JOSCELYN ROBERSON,0.0037545787545787
6724,6725,2022 U.S. Classic,USA,AAfinal,VT,,14.0,731,JOSCELYN ROBERSON,0.0012703639514731
6725,6726,2022 Winter Cup,USA,AAfinal,BB,5.0,13.4,881,JOSCELYN ROBERSON,-0.0003663003663003
6726,6727,2022 Winter Cup,USA,AAfinal,FX,11.0,12.65,881,JOSCELYN ROBERSON,0.0017036395147313
6727,6728,2022 Winter Cup,USA,AAfinal,UB,24.0,9.75,881,JOSCELYN ROBERSON,0.0037545787545787
6728,6729,2022 Winter Cup,USA,AAfinal,VT,,12.9,881,JOSCELYN ROBERSON,0.0012703639514731
6729,6730,2023 52nd FIG Artistic Gymnastics World Championships,USA,qual,FX,10.0,13.633,304,JOSCELYN ROBERSON,0.0017036395147313
6730,6731,2023 52nd FIG Artistic Gymnastics World Championships,USA,qual,VT,6.0,14.466,304,JOSCELYN ROBERSON,0.0012703639514731
6731,6732,2023 52nd FIG Artistic Gymnastics World Championships,USA,qual,VT,6.0,13.633,304,JOSCELYN ROBERSON,0.0012703639514731
6732,6733,2023 Cairo World Cup,USA,final,BB,2.0,13.233,457,JOSCELYN ROBERSON,-0.0003663003663003
6733,6734,2023 Cairo World Cup,USA,qual,BB,3.0,12.833,457,JOSCELYN ROBERSON,-0.0003663003663003
6734,6735,2023 Cairo World Cup,USA,final,FX,1.0,13.7,457,JOSCELYN ROBERSON,0.0017036395147313
6735,6736,2023 Cairo World Cup,USA,qual,FX,1.0,14.066,457,JOSCELYN ROBERSON,0.0017036395147313
6736,6737,2023 Cairo World Cup,USA,qual,UB,20.0,11.4,457,JOSCELYN ROBERSON,0.0037545787545787
6737,6738,2023 Cairo World Cup,USA,final,VT,1.0,14.033,457,JOSCELYN ROBERSON,0.0012703639514731
6738,6739,2023 Cairo World Cup,USA,qual,VT,2.0,14.066,457,JOSCELYN ROBERSON,0.0012703639514731
6739,6740,2023 Cairo World Cup,USA,final,VT,1.0,13.933,457,JOSCELYN ROBERSON,0.0012703639514731
6740,6741,2023 Cairo World Cup,USA,qual,VT,2.0,13.966,457,JOSCELYN ROBERSON,0.0012703639514731
6741,6742,2023 Core Hydration Classic,USA,AAfinal,BB,3.0,14.3,335,JOSCELYN ROBERSON,-0.0003663003663003
6742,6743,2023 Core Hydration Classic,USA,AAfinal,FX,2.0,14.0,335,JOSCELYN ROBERSON,0.0017036395147313
6743,6744,2023 Core Hydration Classic,USA,AAfinal,UB,29.0,11.1,335,JOSCELYN ROBERSON,0.0037545787545787
6744,6745,2023 Core Hydration Classic,USA,AAfinal,VT,,14.65,335,JOSCELYN ROBERSON,0.0012703639514731
6745,6746,2023 U.S. Championships,USA,qual,BB,,13.2,335,JOSCELYN ROBERSON,-0.0003663003663003
6746,6747,2023 U.S. Championships,USA,final,BB,,13.2,335,JOSCELYN ROBERSON,-0.0003663003663003
6747,6748,2023 U.S. Championships,USA,qual,FX,,13.3,335,JOSCELYN ROBERSON,0.0017036395147313
6748,6749,2023 U.S. Championships,USA,final,FX,,13.6,335,JOSCELYN ROBERSON,0.0017036395147313
6749,6750,2023 U.S. Championships,USA,qual,UB,,11.8,335,JOSCELYN ROBERSON,0.0037545787545787
6750,6751,2023 U.S. Championships,USA,final,UB,,11.8,335,JOSCELYN ROBERSON,0.0037545787545787
6751,6752,2023 U.S. Championships,USA,qual,VT,,14.65,335,JOSCELYN ROBERSON,0.0012703639514731
6752,6753,2023 U.S. Championships,USA,final,VT,,14.55,335,JOSCELYN ROBERSON,0.0012703639514731
6753,6754,2023 Winter Cup,USA,AAfinal,BB,2.0,13.3,516,JOSCELYN ROBERSON,-0.0003663003663003
6754,6755,2023 Winter Cup,USA,AAfinal,FX,2.0,13.55,516,JOSCELYN ROBERSON,0.0017036395147313
6755,6756,2023 Winter Cup,USA,AAfinal,UB,29.0,10.85,516,JOSCELYN ROBERSON,0.0037545787545787
6756,6757,2023 Winter Cup,USA,AAfinal,VT,,14.0,516,JOSCELYN ROBERSON,0.0012703639514731
6757,6758,EnBW DTB Pokal Team Challenge 2023,USA,qual,BB,18.0,12.5,488,JOSCELYN ROBERSON,-0.0003663003663003
6758,6759,EnBW DTB Pokal Team Challenge 2023,USA,final,FX,2.0,13.3,488,JOSCELYN ROBERSON,0.0017036395147313
6759,6760,EnBW DTB Pokal Team Challenge 2023,USA,qual,FX,1.0,14.15,488,JOSCELYN ROBERSON,0.0017036395147313
6760,6761,EnBW DTB Pokal Team Challenge 2023,USA,qual,UB,14.0,13.0,488,JOSCELYN ROBERSON,0.0037545787545787
6761,6762,EnBW DTB Pokal Team Challenge 2023,USA,final,VT,1.0,14.233,488,JOSCELYN ROBERSON,0.0012703639514731
6762,6763,EnBW DTB Pokal Team Challenge 2023,USA,qual,VT,1.0,14.2,488,JOSCELYN ROBERSON,0.0012703639514731
6763,6764,EnBW DTB Pokal Team Challenge 2023,USA,final,VT,1.0,13.933,488,JOSCELYN ROBERSON,0.0012703639514731
6764,6765,EnBW DTB Pokal Team Challenge 2023,USA,qual,VT,1.0,13.95,488,JOSCELYN ROBERSON,0.0012703639514731
6765,6766,2023 Artistic Gymnastics Senior Pan American Championships,USA,TeamFinal,BB,,13.733,427,JOSCELYN MICHELLE ROBERSON,0.0
6766,6767,2023 Artistic Gymnastics Senior Pan American Championships,USA,TeamQual,BB,,13.267,427,JOSCELYN MICHELLE ROBERSON,0.0
6767,6768,2023 Artistic Gymnastics Senior Pan American Championships,USA,TeamFinal,FX,,14.067,427,JOSCELYN MICHELLE ROBERSON,0.0
6768,6769,2023 Artistic Gymnastics Senior Pan American Championships,USA,TeamQual,FX,,14.1,427,JOSCELYN MICHELLE ROBERSON,0.0
6769,6770,2023 Artistic Gymnastics Senior Pan American Championships,USA,TeamFinal,VT,,13.8,427,JOSCELYN MICHELLE ROBERSON,0.0
6770,6771,2023 Artistic Gymnastics Senior Pan American Championships,USA,TeamQual,VT,,13.733,427,JOSCELYN MICHELLE ROBERSON,0.0
6887,6888,2022 U.S. Championships,USA,qual,BB,,12.65,700,KATELYN ROSEN,-0.0010958904109589
6888,6889,2022 U.S. Championships,USA,final,BB,,12.4,700,KATELYN ROSEN,-0.0010958904109589
6889,6890,2022 U.S. Championships,USA,qual,FX,,13.55,700,KATELYN ROSEN,-0.0008219178082191
6890,6891,2022 U.S. Championships,USA,final,FX,,11.6,700,KATELYN ROSEN,-0.0008219178082191
6891,6892,2022 U.S. Championships,USA,qual,UB,,13.05,700,KATELYN ROSEN,0.0026027397260274
6892,6893,2022 U.S. Championships,USA,final,UB,,12.75,700,KATELYN ROSEN,0.0026027397260274
6893,6894,2022 U.S. Championships,USA,qual,VT,,13.65,700,KATELYN ROSEN,0.0
6894,6895,2022 U.S. Championships,USA,final,VT,,13.4,700,KATELYN ROSEN,0.0
6895,6896,2022 U.S. Classic,USA,AAfinal,BB,7.0,12.15,731,KATELYN ROSEN,-0.0010958904109589
6896,6897,2022 U.S. Classic,USA,AAfinal,FX,1.0,13.7,731,KATELYN ROSEN,-0.0008219178082191
6897,6898,2022 U.S. Classic,USA,AAfinal,UB,10.0,12.8,731,KATELYN ROSEN,0.0026027397260274
6898,6899,2022 U.S. Classic,USA,AAfinal,VT,,13.85,731,KATELYN ROSEN,0.0
6899,6900,2022 Winter Cup,USA,AAfinal,BB,16.0,12.3,881,KATELYN ROSEN,-0.0010958904109589
6900,6901,2022 Winter Cup,USA,AAfinal,FX,6.0,13.0,881,KATELYN ROSEN,-0.0008219178082191
6901,6902,2022 Winter Cup,USA,AAfinal,UB,20.0,11.6,881,KATELYN ROSEN,0.0026027397260274
6902,6903,2022 Winter Cup,USA,AAfinal,VT,,13.6,881,KATELYN ROSEN,0.0
6903,6904,2023 Winter Cup,USA,AAfinal,BB,15.0,11.9,516,KATELYN ROSEN,-0.0010958904109589
6904,6905,2023 Winter Cup,USA,AAfinal,FX,11.0,12.7,516,KATELYN ROSEN,-0.0008219178082191
6905,6906,2023 Winter Cup,USA,AAfinal,UB,16.0,12.55,516,KATELYN ROSEN,0.0026027397260274
6906,6907,2023 Winter Cup,USA,AAfinal,VT,,13.6,516,KATELYN ROSEN,0.0
7640,7641,2022 Winter Cup,USA,AAfinal,BB,3.0,13.5,881,ASHLEE SULLIVAN,-0.0011904761904761
7641,7642,2022 Winter Cup,USA,AAfinal,FX,8.0,12.85,881,ASHLEE SULLIVAN,0.0009157509157509
7642,7643,2022 Winter Cup,USA,AAfinal,UB,16.0,12.6,881,ASHLEE SULLIVAN,-0.0048534798534798
7643,7644,2022 Winter Cup,USA,AAfinal,VT,,13.9,881,ASHLEE SULLIVAN,-0.0009157509157509
7644,7645,2023 U.S. Championships,USA,qual,BB,,12.2,335,ASHLEE SULLIVAN,-0.0011904761904761
7645,7646,2023 U.S. Championships,USA,final,BB,,12.85,335,ASHLEE SULLIVAN,-0.0011904761904761
7646,7647,2023 U.S. Championships,USA,qual,FX,,13.1,335,ASHLEE SULLIVAN,0.0009157509157509
7647,7648,2023 U.S. Championships,USA,final,FX,,13.35,335,ASHLEE SULLIVAN,0.0009157509157509
7648,7649,2023 U.S. Championships,USA,qual,UB,,12.95,335,ASHLEE SULLIVAN,-0.0048534798534798
7649,7650,2023 U.S. Championships,USA,final,UB,,9.95,335,ASHLEE SULLIVAN,-0.0048534798534798
7650,7651,2023 U.S. Championships,USA,qual,VT,,13.2,335,ASHLEE SULLIVAN,-0.0009157509157509
7651,7652,2023 U.S. Championships,USA,final,VT,,13.4,335,ASHLEE SULLIVAN,-0.0009157509157509
7652,7653,2023 Winter Cup,USA,AAfinal,BB,3.0,13.2,516,ASHLEE SULLIVAN,-0.0011904761904761
7653,7654,2023 Winter Cup,USA,AAfinal,FX,3.0,13.35,516,ASHLEE SULLIVAN,0.0009157509157509
7654,7655,2023 Winter Cup,USA,AAfinal,UB,15.0,12.6,516,ASHLEE SULLIVAN,-0.0048534798534798
7655,7656,2023 Winter Cup,USA,AAfinal,VT,,13.6,516,ASHLEE SULLIVAN,-0.0009157509157509
7656,7657,EnBW DTB Pokal Team Challenge 2023,USA,final,BB,6.0,12.4,488,ASHLEE SULLIVAN,-0.0011904761904761
7657,7658,EnBW DTB Pokal Team Challenge 2023,USA,qual,BB,1.0,13.8,488,ASHLEE SULLIVAN,-0.0011904761904761
7658,7659,EnBW DTB Pokal Team Challenge 2023,USA,qual,FX,13.0,12.65,488,ASHLEE SULLIVAN,0.0009157509157509
7659,7660,EnBW DTB Pokal Team Challenge 2023,USA,qual,UB,19.0,12.55,488,ASHLEE SULLIVAN,-0.0048534798534798
7660,7661,EnBW DTB Pokal Team Challenge 2023,USA,qual,VT,15.0,13.1,488,ASHLEE SULLIVAN,-0.0009157509157509
7661,7662,2023 Artistic Gymnastics Senior Pan American Championships,USA,TeamFinal,BB,,13.967,427,TIANA SUMANASEKERA,0.0019256198347107
7662,7663,2023 Artistic Gymnastics Senior Pan American Championships,USA,TeamQual,BB,,13.767,427,TIANA SUMANASEKERA,0.0019256198347107
7663,7664,2023 Artistic Gymnastics Senior Pan American Championships,USA,TeamFinal,FX,,13.7,427,TIANA SUMANASEKERA,-0.0045751633986928
7664,7665,2023 Artistic Gymnastics Senior Pan American Championships,USA,TeamQual,FX,,13.567,427,TIANA SUMANASEKERA,-0.0045751633986928
7665,7666,2023 Artistic Gymnastics Senior Pan American Championships,USA,TeamQual,UB,,12.633,427,TIANA SUMANASEKERA,0.0
7666,7667,2023 Artistic Gymnastics Senior Pan American Championships,USA,TeamFinal,VT,,14.233,427,TIANA SUMANASEKERA,-0.0008692810457516
7667,7668,2023 Artistic Gymnastics Senior Pan American Championships,USA,TeamQual,VT,,13.933,427,TIANA SUMANASEKERA,-0.0008692810457516
7668,7669,2023 Core Hydration Classic,USA,AAfinal,BB,5.0,13.5,335,TIANA SUMANASEKERA,0.0019256198347107
7669,7670,2023 Core Hydration Classic,USA,AAfinal,FX,10.0,12.9,335,TIANA SUMANASEKERA,-0.0045751633986928
7670,7671,2023 Core Hydration Classic,USA,AAfinal,UB,27.0,11.55,335,TIANA SUMANASEKERA,0.0
7671,7672,2023 Core Hydration Classic,USA,AAfinal,VT,,14.15,335,TIANA SUMANASEKERA,-0.0008692810457516
7672,7673,2023 U.S. Championships,USA,qual,BB,,13.85,335,TIANA SUMANASEKERA,0.0019256198347107
7673,7674,2023 U.S. Championships,USA,final,BB,,13.3,335,TIANA SUMANASEKERA,0.0019256198347107
7674,7675,2023 U.S. Championships,USA,qual,FX,,13.15,335,TIANA SUMANASEKERA,-0.0045751633986928
7675,7676,2023 U.S. Championships,USA,final,FX,,12.95,335,TIANA SUMANASEKERA,-0.0045751633986928
7676,7677,2023 U.S. Championships,USA,qual,UB,,11.55,335,TIANA SUMANASEKERA,0.0
7677,7678,2023 U.S. Championships,USA,final,UB,,12.8,335,TIANA SUMANASEKERA,0.0
7678,7679,2023 U.S. Championships,USA,qual,VT,,14.2,335,TIANA SUMANASEKERA,-0.0008692810457516
7679,7680,2023 U.S. Championships,USA,final,VT,,14.1,335,TIANA SUMANASEKERA,-0.0008692810457516
7680,7681,2023 Winter Cup,USA,AAfinal,BB,7.0,12.6,516,TIANA SUMANASEKERA,0.0019256198347107
7681,7682,2023 Winter Cup,USA,AAfinal,UB,12.0,12.9,516,TIANA SUMANASEKERA,0.0
7682,7683,SANTIAGO 2023 XIX Pan American Games,USA,qual,BB,6.0,13.066,274,TIANA SUMANASEKERA,0.0019256198347107
7683,7684,SANTIAGO 2023 XIX Pan American Games,USA,qual,FX,7.0,13.0,274,TIANA SUMANASEKERA,-0.0045751633986928
7684,7685,SANTIAGO 2023 XIX Pan American Games,USA,qual,UB,9.0,12.9,274,TIANA SUMANASEKERA,0.0
7685,7686,SANTIAGO 2023 XIX Pan American Games,USA,qual,VT,3.0,14.1,274,TIANA SUMANASEKERA,-0.0008692810457516
8061,8062,2023 Winter Cup,USA,AAfinal,BB,31.0,9.2,516,BRYNN TORRY,0.0
8062,8063,2023 Winter Cup,USA,AAfinal,FX,20.0,11.85,516,BRYNN TORRY,0.0
8063,8064,2023 Winter Cup,USA,AAfinal,UB,9.0,13.1,516,BRYNN TORRY,0.0
8064,8065,2023 Winter Cup,USA,AAfinal,VT,,14.1,516,BRYNN TORRY,0.0
8399,8400,2023 Winter Cup,USA,AAfinal,BB,20.0,11.3,516,GABRIELLA VAN FRAYEN,0.0
8400,8401,2023 Winter Cup,USA,AAfinal,FX,17.0,12.1,516,GABRIELLA VAN FRAYEN,0.0
8401,8402,2023 Winter Cup,USA,AAfinal,VT,,12.95,516,GABRIELLA VAN FRAYEN,0.0
8709,8710,2022 Winter Cup,USA,AAfinal,BB,20.0,11.7,881,PAITYN WALKER,0.0
8710,8711,2022 Winter Cup,USA,AAfinal,FX,23.0,11.05,881,PAITYN WALKER,0.0
8711,8712,2022 Winter Cup,USA,AAfinal,UB,2.0,13.55,881,PAITYN WALKER,0.0
8712,8713,2022 Winter Cup,USA,AAfinal,VT,,12.65,881,PAITYN WALKER,0.0
8843,8844,2022 51st FIG Artistic Gymnastics World Championships,USA,TeamFinal,UB,,13.766,639,LEANNE WONG,0.0019110070257611
8844,8845,2022 51st FIG Artistic Gymnastics World Championships,USA,qual,VT,21.0,13.766,639,LEANNE WONG,-0.0030444964871194
8845,8846,2022 51st FIG Artistic Gymnastics World Championships,USA,qual,VT,9.0,13.766,639,LEANNE WONG,-0.0030444964871194
8846,8847,2022 51st FIG Artistic Gymnastics World Championships,USA,qual,VT,9.0,13.1,639,LEANNE WONG,-0.0030444964871194
8847,8848,2022 U.S. Championships,USA,qual,BB,,13.15,700,LEANNE WONG,-0.0043325526932084
8848,8849,2022 U.S. Championships,USA,final,BB,,13.4,700,LEANNE WONG,-0.0043325526932084
8849,8850,2022 U.S. Championships,USA,qual,UB,,14.2,700,LEANNE WONG,0.0019110070257611
8850,8851,2022 U.S. Championships,USA,final,UB,,14.25,700,LEANNE WONG,0.0019110070257611
8851,8852,2022 U.S. Classic,USA,AAfinal,BB,1.0,13.55,731,LEANNE WONG,-0.0043325526932084
8852,8853,2022 U.S. Classic,USA,AAfinal,FX,3.0,13.6,731,LEANNE WONG,-0.0010163934426229
8853,8854,2022 U.S. Classic,USA,AAfinal,UB,8.0,12.85,731,LEANNE WONG,0.0019110070257611
8854,8855,2022 U.S. Classic,USA,AAfinal,VT,,14.4,731,LEANNE WONG,-0.0030444964871194
8855,8856,2023 52nd FIG Artistic Gymnastics World Championships,USA,qual,BB,20.0,13.366,304,LEANNE WONG,-0.0043325526932084
8856,8857,2023 52nd FIG Artistic Gymnastics World Championships,USA,TeamFinal,BB,,11.7,304,LEANNE WONG,-0.0043325526932084
8857,8858,2023 52nd FIG Artistic Gymnastics World Championships,USA,qual,FX,21.0,13.2,304,LEANNE WONG,-0.0010163934426229
8858,8859,2023 52nd FIG Artistic Gymnastics World Championships,USA,TeamFinal,FX,,13.166,304,LEANNE WONG,-0.0010163934426229
8859,8860,2023 52nd FIG Artistic Gymnastics World Championships,USA,qual,UB,19.0,13.666,304,LEANNE WONG,0.0019110070257611
8860,8861,2023 52nd FIG Artistic Gymnastics World Championships,USA,TeamFinal,VT,,14.066,304,LEANNE WONG,-0.0030444964871194
8861,8862,2023 52nd FIG Artistic Gymnastics World Championships,USA,final,VT,7.0,14.1,304,LEANNE WONG,-0.0030444964871194
8862,8863,2023 52nd FIG Artistic Gymnastics World Championships,USA,qual,VT,11.0,14.166,304,LEANNE WONG,-0.0030444964871194
8863,8864,2023 52nd FIG Artistic Gymnastics World Championships,USA,qual,VT,10.0,14.166,304,LEANNE WONG,-0.0030444964871194
8864,8865,2023 52nd FIG Artistic Gymnastics World Championships,USA,final,VT,7.0,12.833,304,LEANNE WONG,-0.0030444964871194
8865,8866,2023 52nd FIG Artistic Gymnastics World Championships,USA,qual,VT,10.0,13.1,304,LEANNE WONG,-0.0030444964871194
8866,8867,2023 Core Hydration Classic,USA,AAfinal,BB,16.0,12.7,335,LEANNE WONG,-0.0043325526932084
8867,8868,2023 Core Hydration Classic,USA,AAfinal,FX,4.0,13.5,335,LEANNE WONG,-0.0010163934426229
8868,8869,2023 Core Hydration Classic,USA,AAfinal,UB,6.0,13.75,335,LEANNE WONG,0.0019110070257611
8869,8870,2023 Core Hydration Classic,USA,AAfinal,VT,,14.15,335,LEANNE WONG,-0.0030444964871194
8870,8871,2023 U.S. Championships,USA,qual,BB,,13.75,335,LEANNE WONG,-0.0043325526932084
8871,8872,2023 U.S. Championships,USA,final,BB,,13.7,335,LEANNE WONG,-0.0043325526932084
8872,8873,2023 U.S. Championships,USA,qual,FX,,13.35,335,LEANNE WONG,-0.0010163934426229
8873,8874,2023 U.S. Championships,USA,final,FX,,14.0,335,LEANNE WONG,-0.0010163934426229
8874,8875,2023 U.S. Championships,USA,qual,UB,,14.0,335,LEANNE WONG,0.0019110070257611
8875,8876,2023 U.S. Championships,USA,final,UB,,14.0,335,LEANNE WONG,0.0019110070257611
8876,8877,2023 U.S. Championships,USA,qual,VT,,14.25,335,LEANNE WONG,-0.0030444964871194
8877,8878,2023 U.S. Championships,USA,final,VT,,14.05,335,LEANNE WONG,-0.0030444964871194
8884,8885,2023 Core Hydration Classic,USA,AAfinal,BB,14.0,12.75,335,KELISE WOOLFORD,0.0008287292817679
8885,8886,2023 Core Hydration Classic,USA,AAfinal,FX,21.0,12.05,335,KELISE WOOLFORD,0.0066298342541436
8886,8887,2023 Core Hydration Classic,USA,AAfinal,UB,11.0,13.3,335,KELISE WOOLFORD,0.0027624309392265
8887,8888,2023 Core Hydration Classic,USA,AAfinal,VT,,13.0,335,KELISE WOOLFORD,-0.0024861878453038
8888,8889,2023 U.S. Championships,USA,qual,BB,,11.8,335,KELISE WOOLFORD,0.0008287292817679
8889,8890,2023 U.S. Championships,USA,final,BB,,11.7,335,KELISE WOOLFORD,0.0008287292817679
8890,8891,2023 U.S. Championships,USA,qual,FX,,12.15,335,KELISE WOOLFORD,0.0066298342541436
8891,8892,2023 U.S. Championships,USA,final,FX,,12.15,335,KELISE WOOLFORD,0.0066298342541436
8892,8893,2023 U.S. Championships,USA,qual,UB,,12.35,335,KELISE WOOLFORD,0.0027624309392265
8893,8894,2023 U.S. Championships,USA,final,UB,,12.0,335,KELISE WOOLFORD,0.0027624309392265
8894,8895,2023 U.S. Championships,USA,qual,VT,,12.45,335,KELISE WOOLFORD,-0.0024861878453038
8895,8896,2023 U.S. Championships,USA,final,VT,,12.35,335,KELISE WOOLFORD,-0.0024861878453038
8896,8897,2023 Winter Cup,USA,AAfinal,BB,19.0,11.55,516,KELISE WOOLFORD,0.0008287292817679
8897,8898,2023 Winter Cup,USA,AAfinal,FX,28.0,10.95,516,KELISE WOOLFORD,0.0066298342541436
8898,8899,2023 Winter Cup,USA,AAfinal,UB,23.0,11.5,516,KELISE WOOLFORD,0.0027624309392265
8899,8900,2023 Winter Cup,USA,AAfinal,VT,,12.8,516,KELISE WOOLFORD,-0.0024861878453038
9138,9139,2022 U.S. Championships,USA,qual,BB,,12.35,700,LEXI ZEISS,0.0047945205479452
9139,9140,2022 U.S. Championships,USA,final,BB,,13.05,700,LEXI ZEISS,0.0047945205479452
9140,9141,2022 U.S. Championships,USA,qual,FX,,13.1,700,LEXI ZEISS,0.0004109589041095
9141,9142,2022 U.S. Championships,USA,final,FX,,13.15,700,LEXI ZEISS,0.0004109589041095
9142,9143,2022 U.S. Championships,USA,qual,UB,,13.9,700,LEXI ZEISS,0.0034798534798534
9143,9144,2022 U.S. Championships,USA,final,UB,,13.8,700,LEXI ZEISS,0.0034798534798534
9144,9145,2022 U.S. Championships,USA,qual,VT,,13.4,700,LEXI ZEISS,-0.0006410256410256
9145,9146,2022 U.S. Championships,USA,final,VT,,13.75,700,LEXI ZEISS,-0.0006410256410256
9146,9147,2022 Winter Cup,USA,AAfinal,BB,21.0,11.35,881,LEXI ZEISS,0.0047945205479452
9147,9148,2022 Winter Cup,USA,AAfinal,FX,6.0,13.0,881,LEXI ZEISS,0.0004109589041095
9148,9149,2022 Winter Cup,USA,AAfinal,UB,19.0,11.85,881,LEXI ZEISS,0.0034798534798534
9149,9150,2022 Winter Cup,USA,AAfinal,VT,,14.05,881,LEXI ZEISS,-0.0006410256410256
9150,9151,2023 Core Hydration Classic,USA,AAfinal,UB,10.0,13.35,335,LEXI ZEISS,0.0034798534798534
9151,9152,2023 Core Hydration Classic,USA,AAfinal,VT,,13.3,335,LEXI ZEISS,-0.0006410256410256
9152,9153,2023 U.S. Championships,USA,qual,UB,,13.7,335,LEXI ZEISS,0.0034798534798534
9153,9154,2023 U.S. Championships,USA,final,UB,,13.75,335,LEXI ZEISS,0.0034798534798534
9154,9155,2023 U.S. Championships,USA,qual,VT,,13.45,335,LEXI ZEISS,-0.0006410256410256
9155,9156,2023 U.S. Championships,USA,final,VT,,13.7,335,LEXI ZEISS,-0.0006410256410256
9156,9157,2023 Winter Cup,USA,AAfinal,BB,4.0,13.1,516,LEXI ZEISS,0.0047945205479452
9157,9158,2023 Winter Cup,USA,AAfinal,FX,6.0,13.15,516,LEXI ZEISS,0.0004109589041095
9158,9159,2023 Winter Cup,USA,AAfinal,UB,4.0,13.5,516,LEXI ZEISS,0.0034798534798534
9159,9160,2023 Winter Cup,USA,AAfinal,VT,,13.45,516,LEXI ZEISS,-0.0006410256410256
9219,9220,2023 Core Hydration Classic,USA,AAfinal,BB,12.0,12.85,335,ALICIA ZHOU,0.0041436464088397
9220,9221,2023 Core Hydration Classic,USA,AAfinal,FX,9.0,13.0,335,ALICIA ZHOU,0.0019337016574585
9221,9222,2023 Core Hydration Classic,USA,AAfinal,UB,6.0,13.75,335,ALICIA ZHOU,0.0041436464088397
9222,9223,2023 Core Hydration Classic,USA,AAfinal,VT,,13.15,335,ALICIA ZHOU,0.0027624309392265
9223,9224,2023 U.S. Championships,USA,qual,BB,,12.6,335,ALICIA ZHOU,0.0041436464088397
9224,9225,2023 U.S. Championships,USA,final,BB,,12.85,335,ALICIA ZHOU,0.0041436464088397
9225,9226,2023 U.S. Championships,USA,qual,FX,,12.7,335,ALICIA ZHOU,0.0019337016574585
9226,9227,2023 U.S. Championships,USA,final,FX,,12.9,335,ALICIA ZHOU,0.0019337016574585
9227,9228,2023 U.S. Championships,USA,qual,UB,,13.8,335,ALICIA ZHOU,0.0041436464088397
9228,9229,2023 U.S. Championships,USA,final,UB,,13.6,335,ALICIA ZHOU,0.0041436464088397
9229,9230,2023 U.S. Championships,USA,qual,VT,,13.2,335,ALICIA ZHOU,0.0027624309392265
9230,9231,2023 U.S. Championships,USA,final,VT,,13.4,335,ALICIA ZHOU,0.0027624309392265
9231,9232,2023 Winter Cup,USA,AAfinal,BB,11.0,12.1,516,ALICIA ZHOU,0.0041436464088397
9232,9233,2023 Winter Cup,USA,AAfinal,FX,13.0,12.55,516,ALICIA ZHOU,0.0019337016574585
9233,9234,2023 Winter Cup,USA,AAfinal,UB,14.0,12.85,516,ALICIA ZHOU,0.0041436464088397
9234,9235,2023 Winter Cup,USA,AAfinal,VT,,12.9,516,ALICIA ZHOU,0.0027624309392265
